CREATE TABLE IF NOT EXISTS "auth_group" ("id" integer NOT NULL PRIMARY KEY AUTOINCREMENT, "name" varchar(150) NOT NULL UNIQUE);
CREATE UNIQUE INDEX "auth_group_permissions_group_id_permission_id_0cd325b0_uniq" ON "auth_group_permissions" ("group_id", "permission_id");
CREATE INDEX IF NOT EXISTS "auth_group_permissions_group_id_b120cbf9" ON "auth_group_permissions" ("group_id");
CREATE INDEX IF NOT EXISTS "auth_group_permissions_permission_id_84c5c92e" ON "auth_group_permissions" ("permission_id");
CREATE UNIQUE INDEX "auth_user_groups_user_id_group_id_94350c0c_uniq" ON "auth_user_groups" ("user_id", "group_id");
CREATE INDEX IF NOT EXISTS "auth_user_groups_user_id_6a12ed8b" ON "auth_user_groups" ("user_id");
CREATE INDEX IF NOT EXISTS "auth_user_groups_group_id_97559544" ON "auth_user_groups" ("group_id");
CREATE UNIQUE INDEX "auth_user_user_permissions_user_id_permission_id_14a6b632_uniq" ON "auth_user_user_permissions" ("user_id", "permission_id");
CREATE INDEX IF NOT EXISTS "auth_user_user_permissions_user_id_a95ead1b" ON "auth_user_user_permissions" ("user_id");
CREATE INDEX IF NOT EXISTS "auth_user_user_permissions_permission_id_1fbb5f2c" ON "auth_user_user_permissions" ("permission_id");
CREATE INDEX IF NOT EXISTS "django_admin_log_content_type_id_c4bce8eb" ON "django_admin_log" ("content_type_id");
CREATE INDEX IF NOT EXISTS "django_admin_log_user_id_c564eba6" ON "django_admin_log" ("user_id");
CREATE UNIQUE INDEX "django_content_type_app_label_model_76bd3d3b_uniq" ON "django_content_type" ("app_label", "model");
CREATE UNIQUE INDEX "auth_permission_content_type_id_codename_01ab375a_uniq" ON "auth_permission" ("content_type_id", "codename");
CREATE INDEX IF NOT EXISTS "auth_permission_content_type_id_2f476e4b" ON "auth_permission" ("content_type_id");
CREATE INDEX IF NOT EXISTS "django_session_expire_date_a5c62663" ON "django_session" ("expire_date");
CREATE INDEX IF NOT EXISTS "main_replys_rep_id_ee6bdc35" ON "main_replys" ("rep_id");
CREATE INDEX IF NOT EXISTS "main_referral_ref_id_46a93a9b" ON "main_referral" ("ref_id");
CREATE INDEX IF NOT EXISTS "main_referral_ref_user_id_50fa48fb" ON "main_referral" ("ref_user_id");
CREATE INDEX IF NOT EXISTS "main_withdrawmodel_user_id_f227ce0d" ON "main_withdrawmodel" ("user_id");
CREATE INDEX IF NOT EXISTS "main_investmentmodel_plan_id_616ae8b9" ON "main_investmentmodel" ("plan_id");
CREATE INDEX IF NOT EXISTS "main_investmentmodel_user_id_95a83018" ON "main_investmentmodel" ("user_id");
CREATE TABLE IF NOT EXISTS "auth_group_permissions" ("id" integer NOT NULL PRIMARY KEY AUTOINCREMENT, "group_id" integer NOT NULL REFERENCES "auth_group" ("id") DEFERRABLE INITIALLY DEFERRED, "permission_id" integer NOT NULL REFERENCES "auth_permission" ("id") DEFERRABLE INITIALLY DEFERRED);
CREATE UNIQUE INDEX "auth_group_permissions_group_id_permission_id_0cd325b0_uniq" ON "auth_group_permissions" ("group_id", "permission_id");
CREATE INDEX IF NOT EXISTS "auth_group_permissions_group_id_b120cbf9" ON "auth_group_permissions" ("group_id");
CREATE INDEX IF NOT EXISTS "auth_group_permissions_permission_id_84c5c92e" ON "auth_group_permissions" ("permission_id");
CREATE UNIQUE INDEX "auth_user_groups_user_id_group_id_94350c0c_uniq" ON "auth_user_groups" ("user_id", "group_id");
CREATE INDEX IF NOT EXISTS "auth_user_groups_user_id_6a12ed8b" ON "auth_user_groups" ("user_id");
CREATE INDEX IF NOT EXISTS "auth_user_groups_group_id_97559544" ON "auth_user_groups" ("group_id");
CREATE UNIQUE INDEX "auth_user_user_permissions_user_id_permission_id_14a6b632_uniq" ON "auth_user_user_permissions" ("user_id", "permission_id");
CREATE INDEX IF NOT EXISTS "auth_user_user_permissions_user_id_a95ead1b" ON "auth_user_user_permissions" ("user_id");
CREATE INDEX IF NOT EXISTS "auth_user_user_permissions_permission_id_1fbb5f2c" ON "auth_user_user_permissions" ("permission_id");
CREATE INDEX IF NOT EXISTS "django_admin_log_content_type_id_c4bce8eb" ON "django_admin_log" ("content_type_id");
CREATE INDEX IF NOT EXISTS "django_admin_log_user_id_c564eba6" ON "django_admin_log" ("user_id");
CREATE UNIQUE INDEX "django_content_type_app_label_model_76bd3d3b_uniq" ON "django_content_type" ("app_label", "model");
CREATE UNIQUE INDEX "auth_permission_content_type_id_codename_01ab375a_uniq" ON "auth_permission" ("content_type_id", "codename");
CREATE INDEX IF NOT EXISTS "auth_permission_content_type_id_2f476e4b" ON "auth_permission" ("content_type_id");
CREATE INDEX IF NOT EXISTS "django_session_expire_date_a5c62663" ON "django_session" ("expire_date");
CREATE INDEX IF NOT EXISTS "main_replys_rep_id_ee6bdc35" ON "main_replys" ("rep_id");
CREATE INDEX IF NOT EXISTS "main_referral_ref_id_46a93a9b" ON "main_referral" ("ref_id");
CREATE INDEX IF NOT EXISTS "main_referral_ref_user_id_50fa48fb" ON "main_referral" ("ref_user_id");
CREATE INDEX IF NOT EXISTS "main_withdrawmodel_user_id_f227ce0d" ON "main_withdrawmodel" ("user_id");
CREATE INDEX IF NOT EXISTS "main_investmentmodel_plan_id_616ae8b9" ON "main_investmentmodel" ("plan_id");
CREATE INDEX IF NOT EXISTS "main_investmentmodel_user_id_95a83018" ON "main_investmentmodel" ("user_id");
CREATE TABLE IF NOT EXISTS "auth_permission" ("id" integer NOT NULL PRIMARY KEY AUTOINCREMENT, "content_type_id" integer NOT NULL REFERENCES "django_content_type" ("id") DEFERRABLE INITIALLY DEFERRED, "codename" varchar(100) NOT NULL, "name" varchar(255) NOT NULL);
INSERT INTO "auth_permission" VALUES(1,1,'add_logentry','Can add log entry');
INSERT INTO "auth_permission" VALUES(2,1,'change_logentry','Can change log entry');
INSERT INTO "auth_permission" VALUES(3,1,'delete_logentry','Can delete log entry');
INSERT INTO "auth_permission" VALUES(4,1,'view_logentry','Can view log entry');
INSERT INTO "auth_permission" VALUES(5,2,'add_permission','Can add permission');
INSERT INTO "auth_permission" VALUES(6,2,'change_permission','Can change permission');
INSERT INTO "auth_permission" VALUES(7,2,'delete_permission','Can delete permission');
INSERT INTO "auth_permission" VALUES(8,2,'view_permission','Can view permission');
INSERT INTO "auth_permission" VALUES(9,3,'add_group','Can add group');
INSERT INTO "auth_permission" VALUES(10,3,'change_group','Can change group');
INSERT INTO "auth_permission" VALUES(11,3,'delete_group','Can delete group');
INSERT INTO "auth_permission" VALUES(12,3,'view_group','Can view group');
INSERT INTO "auth_permission" VALUES(13,4,'add_user','Can add user');
INSERT INTO "auth_permission" VALUES(14,4,'change_user','Can change user');
INSERT INTO "auth_permission" VALUES(15,4,'delete_user','Can delete user');
INSERT INTO "auth_permission" VALUES(16,4,'view_user','Can view user');
INSERT INTO "auth_permission" VALUES(17,5,'add_contenttype','Can add content type');
INSERT INTO "auth_permission" VALUES(18,5,'change_contenttype','Can change content type');
INSERT INTO "auth_permission" VALUES(19,5,'delete_contenttype','Can delete content type');
INSERT INTO "auth_permission" VALUES(20,5,'view_contenttype','Can view content type');
INSERT INTO "auth_permission" VALUES(21,6,'add_session','Can add session');
INSERT INTO "auth_permission" VALUES(22,6,'change_session','Can change session');
INSERT INTO "auth_permission" VALUES(23,6,'delete_session','Can delete session');
INSERT INTO "auth_permission" VALUES(24,6,'view_session','Can view session');
INSERT INTO "auth_permission" VALUES(25,7,'add_usertype','Can add user type');
INSERT INTO "auth_permission" VALUES(26,7,'change_usertype','Can change user type');
INSERT INTO "auth_permission" VALUES(27,7,'delete_usertype','Can delete user type');
INSERT INTO "auth_permission" VALUES(28,7,'view_usertype','Can view user type');
INSERT INTO "auth_permission" VALUES(29,8,'add_invest','Can add invest');
INSERT INTO "auth_permission" VALUES(30,8,'change_invest','Can change invest');
INSERT INTO "auth_permission" VALUES(31,8,'delete_invest','Can delete invest');
INSERT INTO "auth_permission" VALUES(32,8,'view_invest','Can view invest');
INSERT INTO "auth_permission" VALUES(33,9,'add_message','Can add message');
INSERT INTO "auth_permission" VALUES(34,9,'change_message','Can change message');
INSERT INTO "auth_permission" VALUES(35,9,'delete_message','Can delete message');
INSERT INTO "auth_permission" VALUES(36,9,'view_message','Can view message');
INSERT INTO "auth_permission" VALUES(37,10,'add_replys','Can add replys');
INSERT INTO "auth_permission" VALUES(38,10,'change_replys','Can change replys');
INSERT INTO "auth_permission" VALUES(39,10,'delete_replys','Can delete replys');
INSERT INTO "auth_permission" VALUES(40,10,'view_replys','Can view replys');
INSERT INTO "auth_permission" VALUES(41,11,'add_payment_method','Can add payment_ method');
INSERT INTO "auth_permission" VALUES(42,11,'change_payment_method','Can change payment_ method');
INSERT INTO "auth_permission" VALUES(43,11,'delete_payment_method','Can delete payment_ method');
INSERT INTO "auth_permission" VALUES(44,11,'view_payment_method','Can view payment_ method');
INSERT INTO "auth_permission" VALUES(45,12,'add_referral','Can add referral');
INSERT INTO "auth_permission" VALUES(46,12,'change_referral','Can change referral');
INSERT INTO "auth_permission" VALUES(47,12,'delete_referral','Can delete referral');
INSERT INTO "auth_permission" VALUES(48,12,'view_referral','Can view referral');
INSERT INTO "auth_permission" VALUES(49,13,'add_invest_plan','Can add invest_plan');
INSERT INTO "auth_permission" VALUES(50,13,'change_invest_plan','Can change invest_plan');
INSERT INTO "auth_permission" VALUES(51,13,'delete_invest_plan','Can delete invest_plan');
INSERT INTO "auth_permission" VALUES(52,13,'view_invest_plan','Can view invest_plan');
INSERT INTO "auth_permission" VALUES(53,14,'add_investmentmodel','Can add investment model');
INSERT INTO "auth_permission" VALUES(54,14,'change_investmentmodel','Can change investment model');
INSERT INTO "auth_permission" VALUES(55,14,'delete_investmentmodel','Can delete investment model');
INSERT INTO "auth_permission" VALUES(56,14,'view_investmentmodel','Can view investment model');
INSERT INTO "auth_permission" VALUES(57,15,'add_withdrawmodel','Can add withdraw model');
INSERT INTO "auth_permission" VALUES(58,15,'change_withdrawmodel','Can change withdraw model');
INSERT INTO "auth_permission" VALUES(59,15,'delete_withdrawmodel','Can delete withdraw model');
INSERT INTO "auth_permission" VALUES(60,15,'view_withdrawmodel','Can view withdraw model');
CREATE UNIQUE INDEX "auth_group_permissions_group_id_permission_id_0cd325b0_uniq" ON "auth_group_permissions" ("group_id", "permission_id");
CREATE INDEX IF NOT EXISTS "auth_group_permissions_group_id_b120cbf9" ON "auth_group_permissions" ("group_id");
CREATE INDEX IF NOT EXISTS "auth_group_permissions_permission_id_84c5c92e" ON "auth_group_permissions" ("permission_id");
CREATE UNIQUE INDEX "auth_user_groups_user_id_group_id_94350c0c_uniq" ON "auth_user_groups" ("user_id", "group_id");
CREATE INDEX IF NOT EXISTS "auth_user_groups_user_id_6a12ed8b" ON "auth_user_groups" ("user_id");
CREATE INDEX IF NOT EXISTS "auth_user_groups_group_id_97559544" ON "auth_user_groups" ("group_id");
CREATE UNIQUE INDEX "auth_user_user_permissions_user_id_permission_id_14a6b632_uniq" ON "auth_user_user_permissions" ("user_id", "permission_id");
CREATE INDEX IF NOT EXISTS "auth_user_user_permissions_user_id_a95ead1b" ON "auth_user_user_permissions" ("user_id");
CREATE INDEX IF NOT EXISTS "auth_user_user_permissions_permission_id_1fbb5f2c" ON "auth_user_user_permissions" ("permission_id");
CREATE INDEX IF NOT EXISTS "django_admin_log_content_type_id_c4bce8eb" ON "django_admin_log" ("content_type_id");
CREATE INDEX IF NOT EXISTS "django_admin_log_user_id_c564eba6" ON "django_admin_log" ("user_id");
CREATE UNIQUE INDEX "django_content_type_app_label_model_76bd3d3b_uniq" ON "django_content_type" ("app_label", "model");
CREATE UNIQUE INDEX "auth_permission_content_type_id_codename_01ab375a_uniq" ON "auth_permission" ("content_type_id", "codename");
CREATE INDEX IF NOT EXISTS "auth_permission_content_type_id_2f476e4b" ON "auth_permission" ("content_type_id");
CREATE INDEX IF NOT EXISTS "django_session_expire_date_a5c62663" ON "django_session" ("expire_date");
CREATE INDEX IF NOT EXISTS "main_replys_rep_id_ee6bdc35" ON "main_replys" ("rep_id");
CREATE INDEX IF NOT EXISTS "main_referral_ref_id_46a93a9b" ON "main_referral" ("ref_id");
CREATE INDEX IF NOT EXISTS "main_referral_ref_user_id_50fa48fb" ON "main_referral" ("ref_user_id");
CREATE INDEX IF NOT EXISTS "main_withdrawmodel_user_id_f227ce0d" ON "main_withdrawmodel" ("user_id");
CREATE INDEX IF NOT EXISTS "main_investmentmodel_plan_id_616ae8b9" ON "main_investmentmodel" ("plan_id");
CREATE INDEX IF NOT EXISTS "main_investmentmodel_user_id_95a83018" ON "main_investmentmodel" ("user_id");
CREATE TABLE IF NOT EXISTS "auth_user" ("id" integer NOT NULL PRIMARY KEY AUTOINCREMENT, "password" varchar(128) NOT NULL, "last_login" datetime NULL, "is_superuser" bool NOT NULL, "username" varchar(150) NOT NULL UNIQUE, "last_name" varchar(150) NOT NULL, "email" varchar(254) NOT NULL, "is_staff" bool NOT NULL, "is_active" bool NOT NULL, "date_joined" datetime NOT NULL, "first_name" varchar(150) NOT NULL);
INSERT INTO "auth_user" VALUES(2,'pbkdf2_sha256$260000$nTVUkfB6tQWEqkPZaah11o$9tGDx9I+QxR1hJxSo3IuLvYGGp6gcLQaCKive02yDl0=','2021-12-04 06:58:40',1,'josh','','dominicashwell091@gmail.com',1,1,'2021-11-10 17:05:49','');
INSERT INTO "auth_user" VALUES(4,'pbkdf2_sha256$260000$izLrMxryB4a6w5DoTa5dJd$cTJLh58JfOKMp8FnY3aAFgC1VKTmijx1MqihKluW5Os=','2021-12-04 06:15:29.874272',0,'joshua','josh','joshijax08@gmail.com',0,1,'2021-11-10 17:37:27','josh');
INSERT INTO "auth_user" VALUES(5,'pbkdf2_sha256$260000$QfISy1bVPe6Mm35v40qmxQ$JUKkTSZHDl7O6+gG9+0qEGcJxTj6EWlIX42u6rQTbls=','2021-12-02 00:31:23',1,'admin','admin','admin@admin.com',1,1,'2021-11-11 21:44:32','admin');
INSERT INTO "auth_user" VALUES(6,'pbkdf2_sha256$260000$7AZGSc16iJVHzpG5au2jwA$EW2X8VM03AXlyjXyFg8pg3BFE7Ip5gGwkGHzjGt3Hlc=',NULL,0,'joshuaa','josh','jos@gmail.com',0,1,'2021-11-22 14:00:08.297780','olo');
INSERT INTO "auth_user" VALUES(7,'pbkdf2_sha256$260000$njKH0H9xuiCb30R3e32v4A$LcsqxuGPG2MNzGiZM4WqS9cB+yiF+czL3STC4ndu5So=',NULL,0,'anslem','','',0,1,'2021-11-22 15:58:38.378057','');
INSERT INTO "auth_user" VALUES(8,'pbkdf2_sha256$260000$VFRtFJZGI9NGJiq5rdIrJI$rJ4mm1xznPRg3uL4/0VyLsUw2jxv9Qe8M6W/tkvL3vw=',NULL,0,'okondor','Okondor','danieljamo24@gmail.com',0,1,'2021-11-22 16:53:05.355436','Anslem');
INSERT INTO "auth_user" VALUES(11,'pbkdf2_sha256$260000$R3eXIKGiF5P2Eey4sEJ6sI$8jocd2U4tdn51SoKvUB59knSzen/L3ln7DgL7J/WnRU=',NULL,0,'rafel','rafel','ravelostofferahn0472@gmail.com',0,1,'2021-11-30 16:52:35.225282','revel');
CREATE UNIQUE INDEX "auth_group_permissions_group_id_permission_id_0cd325b0_uniq" ON "auth_group_permissions" ("group_id", "permission_id");
CREATE INDEX IF NOT EXISTS "auth_group_permissions_group_id_b120cbf9" ON "auth_group_permissions" ("group_id");
CREATE INDEX IF NOT EXISTS "auth_group_permissions_permission_id_84c5c92e" ON "auth_group_permissions" ("permission_id");
CREATE UNIQUE INDEX "auth_user_groups_user_id_group_id_94350c0c_uniq" ON "auth_user_groups" ("user_id", "group_id");
CREATE INDEX IF NOT EXISTS "auth_user_groups_user_id_6a12ed8b" ON "auth_user_groups" ("user_id");
CREATE INDEX IF NOT EXISTS "auth_user_groups_group_id_97559544" ON "auth_user_groups" ("group_id");
CREATE UNIQUE INDEX "auth_user_user_permissions_user_id_permission_id_14a6b632_uniq" ON "auth_user_user_permissions" ("user_id", "permission_id");
CREATE INDEX IF NOT EXISTS "auth_user_user_permissions_user_id_a95ead1b" ON "auth_user_user_permissions" ("user_id");
CREATE INDEX IF NOT EXISTS "auth_user_user_permissions_permission_id_1fbb5f2c" ON "auth_user_user_permissions" ("permission_id");
CREATE INDEX IF NOT EXISTS "django_admin_log_content_type_id_c4bce8eb" ON "django_admin_log" ("content_type_id");
CREATE INDEX IF NOT EXISTS "django_admin_log_user_id_c564eba6" ON "django_admin_log" ("user_id");
CREATE UNIQUE INDEX "django_content_type_app_label_model_76bd3d3b_uniq" ON "django_content_type" ("app_label", "model");
CREATE UNIQUE INDEX "auth_permission_content_type_id_codename_01ab375a_uniq" ON "auth_permission" ("content_type_id", "codename");
CREATE INDEX IF NOT EXISTS "auth_permission_content_type_id_2f476e4b" ON "auth_permission" ("content_type_id");
CREATE INDEX IF NOT EXISTS "django_session_expire_date_a5c62663" ON "django_session" ("expire_date");
CREATE INDEX IF NOT EXISTS "main_replys_rep_id_ee6bdc35" ON "main_replys" ("rep_id");
CREATE INDEX IF NOT EXISTS "main_referral_ref_id_46a93a9b" ON "main_referral" ("ref_id");
CREATE INDEX IF NOT EXISTS "main_referral_ref_user_id_50fa48fb" ON "main_referral" ("ref_user_id");
CREATE INDEX IF NOT EXISTS "main_withdrawmodel_user_id_f227ce0d" ON "main_withdrawmodel" ("user_id");
CREATE INDEX IF NOT EXISTS "main_investmentmodel_plan_id_616ae8b9" ON "main_investmentmodel" ("plan_id");
CREATE INDEX IF NOT EXISTS "main_investmentmodel_user_id_95a83018" ON "main_investmentmodel" ("user_id");
CREATE TABLE IF NOT EXISTS "auth_user_groups" ("id" integer NOT NULL PRIMARY KEY AUTOINCREMENT, "user_id" integer NOT NULL REFERENCES "auth_user" ("id") DEFERRABLE INITIALLY DEFERRED, "group_id" integer NOT NULL REFERENCES "auth_group" ("id") DEFERRABLE INITIALLY DEFERRED);
CREATE UNIQUE INDEX "auth_group_permissions_group_id_permission_id_0cd325b0_uniq" ON "auth_group_permissions" ("group_id", "permission_id");
CREATE INDEX IF NOT EXISTS "auth_group_permissions_group_id_b120cbf9" ON "auth_group_permissions" ("group_id");
CREATE INDEX IF NOT EXISTS "auth_group_permissions_permission_id_84c5c92e" ON "auth_group_permissions" ("permission_id");
CREATE UNIQUE INDEX "auth_user_groups_user_id_group_id_94350c0c_uniq" ON "auth_user_groups" ("user_id", "group_id");
CREATE INDEX IF NOT EXISTS "auth_user_groups_user_id_6a12ed8b" ON "auth_user_groups" ("user_id");
CREATE INDEX IF NOT EXISTS "auth_user_groups_group_id_97559544" ON "auth_user_groups" ("group_id");
CREATE UNIQUE INDEX "auth_user_user_permissions_user_id_permission_id_14a6b632_uniq" ON "auth_user_user_permissions" ("user_id", "permission_id");
CREATE INDEX IF NOT EXISTS "auth_user_user_permissions_user_id_a95ead1b" ON "auth_user_user_permissions" ("user_id");
CREATE INDEX IF NOT EXISTS "auth_user_user_permissions_permission_id_1fbb5f2c" ON "auth_user_user_permissions" ("permission_id");
CREATE INDEX IF NOT EXISTS "django_admin_log_content_type_id_c4bce8eb" ON "django_admin_log" ("content_type_id");
CREATE INDEX IF NOT EXISTS "django_admin_log_user_id_c564eba6" ON "django_admin_log" ("user_id");
CREATE UNIQUE INDEX "django_content_type_app_label_model_76bd3d3b_uniq" ON "django_content_type" ("app_label", "model");
CREATE UNIQUE INDEX "auth_permission_content_type_id_codename_01ab375a_uniq" ON "auth_permission" ("content_type_id", "codename");
CREATE INDEX IF NOT EXISTS "auth_permission_content_type_id_2f476e4b" ON "auth_permission" ("content_type_id");
CREATE INDEX IF NOT EXISTS "django_session_expire_date_a5c62663" ON "django_session" ("expire_date");
CREATE INDEX IF NOT EXISTS "main_replys_rep_id_ee6bdc35" ON "main_replys" ("rep_id");
CREATE INDEX IF NOT EXISTS "main_referral_ref_id_46a93a9b" ON "main_referral" ("ref_id");
CREATE INDEX IF NOT EXISTS "main_referral_ref_user_id_50fa48fb" ON "main_referral" ("ref_user_id");
CREATE INDEX IF NOT EXISTS "main_withdrawmodel_user_id_f227ce0d" ON "main_withdrawmodel" ("user_id");
CREATE INDEX IF NOT EXISTS "main_investmentmodel_plan_id_616ae8b9" ON "main_investmentmodel" ("plan_id");
CREATE INDEX IF NOT EXISTS "main_investmentmodel_user_id_95a83018" ON "main_investmentmodel" ("user_id");
CREATE TABLE IF NOT EXISTS "auth_user_user_permissions" ("id" integer NOT NULL PRIMARY KEY AUTOINCREMENT, "user_id" integer NOT NULL REFERENCES "auth_user" ("id") DEFERRABLE INITIALLY DEFERRED, "permission_id" integer NOT NULL REFERENCES "auth_permission" ("id") DEFERRABLE INITIALLY DEFERRED);
CREATE UNIQUE INDEX "auth_group_permissions_group_id_permission_id_0cd325b0_uniq" ON "auth_group_permissions" ("group_id", "permission_id");
CREATE INDEX IF NOT EXISTS "auth_group_permissions_group_id_b120cbf9" ON "auth_group_permissions" ("group_id");
CREATE INDEX IF NOT EXISTS "auth_group_permissions_permission_id_84c5c92e" ON "auth_group_permissions" ("permission_id");
CREATE UNIQUE INDEX "auth_user_groups_user_id_group_id_94350c0c_uniq" ON "auth_user_groups" ("user_id", "group_id");
CREATE INDEX IF NOT EXISTS "auth_user_groups_user_id_6a12ed8b" ON "auth_user_groups" ("user_id");
CREATE INDEX IF NOT EXISTS "auth_user_groups_group_id_97559544" ON "auth_user_groups" ("group_id");
CREATE UNIQUE INDEX "auth_user_user_permissions_user_id_permission_id_14a6b632_uniq" ON "auth_user_user_permissions" ("user_id", "permission_id");
CREATE INDEX IF NOT EXISTS "auth_user_user_permissions_user_id_a95ead1b" ON "auth_user_user_permissions" ("user_id");
CREATE INDEX IF NOT EXISTS "auth_user_user_permissions_permission_id_1fbb5f2c" ON "auth_user_user_permissions" ("permission_id");
CREATE INDEX IF NOT EXISTS "django_admin_log_content_type_id_c4bce8eb" ON "django_admin_log" ("content_type_id");
CREATE INDEX IF NOT EXISTS "django_admin_log_user_id_c564eba6" ON "django_admin_log" ("user_id");
CREATE UNIQUE INDEX "django_content_type_app_label_model_76bd3d3b_uniq" ON "django_content_type" ("app_label", "model");
CREATE UNIQUE INDEX "auth_permission_content_type_id_codename_01ab375a_uniq" ON "auth_permission" ("content_type_id", "codename");
CREATE INDEX IF NOT EXISTS "auth_permission_content_type_id_2f476e4b" ON "auth_permission" ("content_type_id");
CREATE INDEX IF NOT EXISTS "django_session_expire_date_a5c62663" ON "django_session" ("expire_date");
CREATE INDEX IF NOT EXISTS "main_replys_rep_id_ee6bdc35" ON "main_replys" ("rep_id");
CREATE INDEX IF NOT EXISTS "main_referral_ref_id_46a93a9b" ON "main_referral" ("ref_id");
CREATE INDEX IF NOT EXISTS "main_referral_ref_user_id_50fa48fb" ON "main_referral" ("ref_user_id");
CREATE INDEX IF NOT EXISTS "main_withdrawmodel_user_id_f227ce0d" ON "main_withdrawmodel" ("user_id");
CREATE INDEX IF NOT EXISTS "main_investmentmodel_plan_id_616ae8b9" ON "main_investmentmodel" ("plan_id");
CREATE INDEX IF NOT EXISTS "main_investmentmodel_user_id_95a83018" ON "main_investmentmodel" ("user_id");
CREATE TABLE IF NOT EXISTS "django_admin_log" ("id" integer NOT NULL PRIMARY KEY AUTOINCREMENT, "action_time" datetime NOT NULL, "object_id" text NULL, "object_repr" varchar(200) NOT NULL, "change_message" text NOT NULL, "content_type_id" integer NULL REFERENCES "django_content_type" ("id") DEFERRABLE INITIALLY DEFERRED, "user_id" integer NOT NULL REFERENCES "auth_user" ("id") DEFERRABLE INITIALLY DEFERRED, "action_flag" smallint unsigned NOT NULL CHECK ("action_flag" >= 0));
INSERT INTO "django_admin_log" VALUES(1,'2021-11-10 17:37:06.108899','1','joshijax','',4,2,3);
INSERT INTO "django_admin_log" VALUES(2,'2021-11-10 17:37:06.147891','3','joshua','',4,2,3);
INSERT INTO "django_admin_log" VALUES(3,'2021-11-11 14:53:51.880397','4','joshua','[{"added": {"name": "replys", "object": "Replys object (1)"}}]',4,2,2);
INSERT INTO "django_admin_log" VALUES(4,'2021-11-11 14:54:26.257596','2','josh','[{"added": {"name": "replys", "object": "Replys object (2)"}}]',4,2,2);
INSERT INTO "django_admin_log" VALUES(5,'2021-11-11 14:57:41.976016','2','josh','[{"added": {"name": "replys", "object": "Replys object (3)"}}]',4,2,2);
INSERT INTO "django_admin_log" VALUES(6,'2021-11-11 21:44:33.326913','5','admin','[{"added": {}}]',4,2,1);
INSERT INTO "django_admin_log" VALUES(7,'2021-11-11 21:45:19.918400','5','admin','[{"changed": {"fields": ["First name", "Last name", "Email address", "Staff status"]}}, {"changed": {"name": "user type", "object": "admin", "fields": ["Phone"]}}]',4,2,2);
INSERT INTO "django_admin_log" VALUES(8,'2021-11-15 10:56:06.856090','1','Golden','[{"added": {}}]',8,2,1);
INSERT INTO "django_admin_log" VALUES(9,'2021-11-15 10:56:41.335422','2','Diamond','[{"added": {}}]',8,2,1);
INSERT INTO "django_admin_log" VALUES(10,'2021-11-15 10:57:12.058216','3','Elite','[{"added": {}}]',8,2,1);
INSERT INTO "django_admin_log" VALUES(11,'2021-11-15 10:57:34.084172','1','Basic','[{"changed": {"fields": ["Name"]}}]',8,2,2);
INSERT INTO "django_admin_log" VALUES(12,'2021-11-15 10:57:47.587753','2','Standard','[{"changed": {"fields": ["Name"]}}]',8,2,2);
INSERT INTO "django_admin_log" VALUES(13,'2021-11-18 23:20:33.874813','1','Bitcoin','[{"added": {}}]',11,2,1);
INSERT INTO "django_admin_log" VALUES(14,'2021-11-18 23:21:06.601183','2','Etherium','[{"added": {}}]',11,2,1);
INSERT INTO "django_admin_log" VALUES(15,'2021-11-18 23:21:32.430079','3','USDT','[{"added": {}}]',11,2,1);
INSERT INTO "django_admin_log" VALUES(16,'2021-11-22 15:43:08.156013','4','Tron','[{"added": {}}]',11,2,1);
INSERT INTO "django_admin_log" VALUES(17,'2021-11-22 15:47:09.364147','2','josh','[{"changed": {"name": "user type", "object": "josh", "fields": ["Phone", "Btc balance"]}}]',4,2,2);
INSERT INTO "django_admin_log" VALUES(18,'2021-11-22 15:55:20.979399','2','josh','[{"changed": {"name": "user type", "object": "josh", "fields": ["Invested balance"]}}]',4,2,2);
INSERT INTO "django_admin_log" VALUES(19,'2021-11-22 15:57:00.885286','2','josh','[{"changed": {"name": "replys", "object": "Replys object (3)", "fields": ["Reply"]}}]',4,2,2);
INSERT INTO "django_admin_log" VALUES(20,'2021-11-22 15:58:38.724053','7','anslem','[{"added": {}}]',4,2,1);
INSERT INTO "django_admin_log" VALUES(21,'2021-11-23 13:51:26.175808','2','josh','[{"changed": {"name": "user type", "object": "josh", "fields": ["Ref"]}}]',4,2,2);
INSERT INTO "django_admin_log" VALUES(22,'2021-11-23 14:16:01.835106','9','raf','',4,2,3);
INSERT INTO "django_admin_log" VALUES(23,'2021-11-23 14:40:24.459147','2','josh','[{"changed": {"name": "user type", "object": "josh", "fields": ["Commision", "Bonus"]}}]',4,2,2);
INSERT INTO "django_admin_log" VALUES(24,'2021-11-23 14:52:56.846408','2','josh','[{"changed": {"name": "user type", "object": "josh", "fields": ["Invested balance"]}}]',4,2,2);
INSERT INTO "django_admin_log" VALUES(25,'2021-11-23 15:11:28.016679','3','Elite','',8,2,3);
INSERT INTO "django_admin_log" VALUES(26,'2021-11-23 15:11:28.058654','2','Standard','',8,2,3);
INSERT INTO "django_admin_log" VALUES(27,'2021-11-23 15:11:28.084653','1','Basic','',8,2,3);
INSERT INTO "django_admin_log" VALUES(28,'2021-11-23 15:19:27.221935','1','Basic','[{"added": {}}]',13,2,1);
INSERT INTO "django_admin_log" VALUES(29,'2021-11-23 15:20:14.503910','2','Digital','[{"added": {}}]',13,2,1);
INSERT INTO "django_admin_log" VALUES(30,'2021-11-23 15:21:55.160065','3','Opstimistic','[{"added": {}}]',13,2,1);
INSERT INTO "django_admin_log" VALUES(31,'2021-11-23 15:22:53.657325','4','Premium','[{"added": {}}]',13,2,1);
INSERT INTO "django_admin_log" VALUES(32,'2021-11-23 15:29:37.926299','4','Premium','[{"changed": {"fields": ["Return date"]}}]',13,2,2);
INSERT INTO "django_admin_log" VALUES(33,'2021-11-23 15:29:56.532576','3','Opstimistic','[{"changed": {"fields": ["Return date"]}}]',13,2,2);
INSERT INTO "django_admin_log" VALUES(34,'2021-11-23 15:30:05.678732','2','Digital','[{"changed": {"fields": ["Return date"]}}]',13,2,2);
INSERT INTO "django_admin_log" VALUES(35,'2021-11-23 15:30:12.913733','1','Basic','[{"changed": {"fields": ["Return date"]}}]',13,2,2);
INSERT INTO "django_admin_log" VALUES(36,'2021-11-23 15:42:11.640509','3','Opstimistic','[{"changed": {"fields": ["Percent"]}}]',13,2,2);
INSERT INTO "django_admin_log" VALUES(37,'2021-11-23 15:42:24.372507','4','Premium','[{"changed": {"fields": ["Percent"]}}]',13,2,2);
INSERT INTO "django_admin_log" VALUES(38,'2021-11-23 15:42:41.291504','2','Digital','[{"changed": {"fields": ["Percent"]}}]',13,2,2);
INSERT INTO "django_admin_log" VALUES(39,'2021-11-23 15:42:52.360505','1','Basic','[{"changed": {"fields": ["Percent"]}}]',13,2,2);
INSERT INTO "django_admin_log" VALUES(40,'2021-11-23 15:44:37.111795','2','Digital','[{"changed": {"fields": ["Percent"]}}]',13,2,2);
INSERT INTO "django_admin_log" VALUES(41,'2021-11-23 15:45:27.306933','2','Digital','[{"changed": {"fields": ["Percent"]}}]',13,2,2);
INSERT INTO "django_admin_log" VALUES(42,'2021-11-23 15:51:19.975817','2','Digital','[{"changed": {"fields": ["Percent"]}}]',13,2,2);
INSERT INTO "django_admin_log" VALUES(43,'2021-11-23 16:10:29.501859','4','Premium','[{"changed": {"fields": ["Percentr"]}}]',13,2,2);
INSERT INTO "django_admin_log" VALUES(44,'2021-11-23 16:11:01.459628','3','Opstimistic','[{"changed": {"fields": ["Percentr"]}}]',13,2,2);
INSERT INTO "django_admin_log" VALUES(45,'2021-11-23 16:11:09.755094','2','Digital','[{"changed": {"fields": ["Percentr"]}}]',13,2,2);
INSERT INTO "django_admin_log" VALUES(46,'2021-11-23 16:11:22.326811','1','Basic','[{"changed": {"fields": ["Percentr"]}}]',13,2,2);
INSERT INTO "django_admin_log" VALUES(47,'2021-11-29 17:42:08.168412','5','admin','[{"changed": {"name": "user type", "object": "admin", "fields": ["Email confirm"]}}]',4,2,2);
INSERT INTO "django_admin_log" VALUES(48,'2021-11-30 16:52:26.473176','10','raf','',4,2,3);
INSERT INTO "django_admin_log" VALUES(49,'2021-12-02 00:31:56.636717','5','admin','[{"changed": {"fields": ["Superuser status"]}}]',4,2,2);
INSERT INTO "django_admin_log" VALUES(50,'2021-12-02 00:32:46.134428','4','Tron','[{"changed": {"fields": ["Abrr"]}}]',11,2,2);
INSERT INTO "django_admin_log" VALUES(51,'2021-12-02 00:32:56.737082','2','Etherium','[{"changed": {"fields": ["Abrr"]}}]',11,2,2);
INSERT INTO "django_admin_log" VALUES(52,'2021-12-02 00:33:23.888553','3','USDT','[{"changed": {"fields": ["Abrr"]}}]',11,2,2);
INSERT INTO "django_admin_log" VALUES(53,'2021-12-02 00:43:28.056418','1','Bitcoin','[{"changed": {"fields": ["Message"]}}]',11,2,2);
INSERT INTO "django_admin_log" VALUES(54,'2021-12-02 00:43:43.808952','4','Tron','[{"changed": {"fields": ["Message"]}}]',11,2,2);
INSERT INTO "django_admin_log" VALUES(55,'2021-12-02 00:43:52.694103','3','USDT','[{"changed": {"fields": ["Message"]}}]',11,2,2);
INSERT INTO "django_admin_log" VALUES(56,'2021-12-02 00:44:01.599776','2','Etherium','[{"changed": {"fields": ["Message"]}}]',11,2,2);
INSERT INTO "django_admin_log" VALUES(57,'2021-12-02 00:46:07.907643','4','Tron','[]',11,2,2);
INSERT INTO "django_admin_log" VALUES(58,'2021-12-02 23:32:47.491888','2','josh','',15,2,3);
INSERT INTO "django_admin_log" VALUES(59,'2021-12-02 23:32:47.541885','1','josh','',15,2,3);
INSERT INTO "django_admin_log" VALUES(60,'2021-12-03 00:19:09.943503','9','joshua','[{"changed": {"fields": ["Confirm"]}}]',14,2,2);
INSERT INTO "django_admin_log" VALUES(61,'2021-12-03 00:20:27.399689','8','joshua','[{"changed": {"fields": ["Confirm"]}}]',14,2,2);
INSERT INTO "django_admin_log" VALUES(62,'2021-12-03 00:20:34.061010','7','joshua','[{"changed": {"fields": ["Confirm"]}}]',14,2,2);
INSERT INTO "django_admin_log" VALUES(63,'2021-12-03 00:20:48.049189','5','joshua','[{"changed": {"fields": ["Confirm"]}}]',14,2,2);
INSERT INTO "django_admin_log" VALUES(64,'2021-12-03 00:45:55.212743','2','josh','[{"changed": {"fields": ["Confirm"]}}]',14,2,2);
INSERT INTO "django_admin_log" VALUES(65,'2021-12-03 00:48:17.619585','2','rafel','[{"changed": {"fields": ["User"]}}]',14,2,2);
INSERT INTO "django_admin_log" VALUES(66,'2021-12-03 00:48:34.240124','8','anslem','[{"changed": {"fields": ["User"]}}]',14,2,2);
INSERT INTO "django_admin_log" VALUES(67,'2021-12-04 12:09:22.154557','1','Basic','[]',13,2,2);
INSERT INTO "django_admin_log" VALUES(68,'2021-12-04 12:24:18.801730','2','josh','[{"changed": {"fields": ["Email address"]}}]',4,2,2);
INSERT INTO "django_admin_log" VALUES(69,'2021-12-04 12:48:13.692291','2','josh','[{"changed": {"name": "user type", "object": "josh", "fields": ["Invested balance"]}}]',4,2,2);
INSERT INTO "django_admin_log" VALUES(70,'2021-12-04 13:08:31.225913','2','josh','[{"changed": {"name": "user type", "object": "josh", "fields": ["Invested balance"]}}]',4,2,2);
CREATE UNIQUE INDEX "auth_group_permissions_group_id_permission_id_0cd325b0_uniq" ON "auth_group_permissions" ("group_id", "permission_id");
CREATE INDEX IF NOT EXISTS "auth_group_permissions_group_id_b120cbf9" ON "auth_group_permissions" ("group_id");
CREATE INDEX IF NOT EXISTS "auth_group_permissions_permission_id_84c5c92e" ON "auth_group_permissions" ("permission_id");
CREATE UNIQUE INDEX "auth_user_groups_user_id_group_id_94350c0c_uniq" ON "auth_user_groups" ("user_id", "group_id");
CREATE INDEX IF NOT EXISTS "auth_user_groups_user_id_6a12ed8b" ON "auth_user_groups" ("user_id");
CREATE INDEX IF NOT EXISTS "auth_user_groups_group_id_97559544" ON "auth_user_groups" ("group_id");
CREATE UNIQUE INDEX "auth_user_user_permissions_user_id_permission_id_14a6b632_uniq" ON "auth_user_user_permissions" ("user_id", "permission_id");
CREATE INDEX IF NOT EXISTS "auth_user_user_permissions_user_id_a95ead1b" ON "auth_user_user_permissions" ("user_id");
CREATE INDEX IF NOT EXISTS "auth_user_user_permissions_permission_id_1fbb5f2c" ON "auth_user_user_permissions" ("permission_id");
CREATE INDEX IF NOT EXISTS "django_admin_log_content_type_id_c4bce8eb" ON "django_admin_log" ("content_type_id");
CREATE INDEX IF NOT EXISTS "django_admin_log_user_id_c564eba6" ON "django_admin_log" ("user_id");
CREATE UNIQUE INDEX "django_content_type_app_label_model_76bd3d3b_uniq" ON "django_content_type" ("app_label", "model");
CREATE UNIQUE INDEX "auth_permission_content_type_id_codename_01ab375a_uniq" ON "auth_permission" ("content_type_id", "codename");
CREATE INDEX IF NOT EXISTS "auth_permission_content_type_id_2f476e4b" ON "auth_permission" ("content_type_id");
CREATE INDEX IF NOT EXISTS "django_session_expire_date_a5c62663" ON "django_session" ("expire_date");
CREATE INDEX IF NOT EXISTS "main_replys_rep_id_ee6bdc35" ON "main_replys" ("rep_id");
CREATE INDEX IF NOT EXISTS "main_referral_ref_id_46a93a9b" ON "main_referral" ("ref_id");
CREATE INDEX IF NOT EXISTS "main_referral_ref_user_id_50fa48fb" ON "main_referral" ("ref_user_id");
CREATE INDEX IF NOT EXISTS "main_withdrawmodel_user_id_f227ce0d" ON "main_withdrawmodel" ("user_id");
CREATE INDEX IF NOT EXISTS "main_investmentmodel_plan_id_616ae8b9" ON "main_investmentmodel" ("plan_id");
CREATE INDEX IF NOT EXISTS "main_investmentmodel_user_id_95a83018" ON "main_investmentmodel" ("user_id");
CREATE TABLE IF NOT EXISTS "django_content_type" ("id" integer NOT NULL PRIMARY KEY AUTOINCREMENT, "app_label" varchar(100) NOT NULL, "model" varchar(100) NOT NULL);
INSERT INTO "django_content_type" VALUES(1,'admin','logentry');
INSERT INTO "django_content_type" VALUES(2,'auth','permission');
INSERT INTO "django_content_type" VALUES(3,'auth','group');
INSERT INTO "django_content_type" VALUES(4,'auth','user');
INSERT INTO "django_content_type" VALUES(5,'contenttypes','contenttype');
INSERT INTO "django_content_type" VALUES(6,'sessions','session');
INSERT INTO "django_content_type" VALUES(7,'main','usertype');
INSERT INTO "django_content_type" VALUES(8,'main','invest');
INSERT INTO "django_content_type" VALUES(9,'main','message');
INSERT INTO "django_content_type" VALUES(10,'main','replys');
INSERT INTO "django_content_type" VALUES(11,'main','payment_method');
INSERT INTO "django_content_type" VALUES(12,'main','referral');
INSERT INTO "django_content_type" VALUES(13,'main','invest_plan');
INSERT INTO "django_content_type" VALUES(14,'main','investmentmodel');
INSERT INTO "django_content_type" VALUES(15,'main','withdrawmodel');
CREATE UNIQUE INDEX "auth_group_permissions_group_id_permission_id_0cd325b0_uniq" ON "auth_group_permissions" ("group_id", "permission_id");
CREATE INDEX IF NOT EXISTS "auth_group_permissions_group_id_b120cbf9" ON "auth_group_permissions" ("group_id");
CREATE INDEX IF NOT EXISTS "auth_group_permissions_permission_id_84c5c92e" ON "auth_group_permissions" ("permission_id");
CREATE UNIQUE INDEX "auth_user_groups_user_id_group_id_94350c0c_uniq" ON "auth_user_groups" ("user_id", "group_id");
CREATE INDEX IF NOT EXISTS "auth_user_groups_user_id_6a12ed8b" ON "auth_user_groups" ("user_id");
CREATE INDEX IF NOT EXISTS "auth_user_groups_group_id_97559544" ON "auth_user_groups" ("group_id");
CREATE UNIQUE INDEX "auth_user_user_permissions_user_id_permission_id_14a6b632_uniq" ON "auth_user_user_permissions" ("user_id", "permission_id");
CREATE INDEX IF NOT EXISTS "auth_user_user_permissions_user_id_a95ead1b" ON "auth_user_user_permissions" ("user_id");
CREATE INDEX IF NOT EXISTS "auth_user_user_permissions_permission_id_1fbb5f2c" ON "auth_user_user_permissions" ("permission_id");
CREATE INDEX IF NOT EXISTS "django_admin_log_content_type_id_c4bce8eb" ON "django_admin_log" ("content_type_id");
CREATE INDEX IF NOT EXISTS "django_admin_log_user_id_c564eba6" ON "django_admin_log" ("user_id");
CREATE UNIQUE INDEX "django_content_type_app_label_model_76bd3d3b_uniq" ON "django_content_type" ("app_label", "model");
CREATE UNIQUE INDEX "auth_permission_content_type_id_codename_01ab375a_uniq" ON "auth_permission" ("content_type_id", "codename");
CREATE INDEX IF NOT EXISTS "auth_permission_content_type_id_2f476e4b" ON "auth_permission" ("content_type_id");
CREATE INDEX IF NOT EXISTS "django_session_expire_date_a5c62663" ON "django_session" ("expire_date");
CREATE INDEX IF NOT EXISTS "main_replys_rep_id_ee6bdc35" ON "main_replys" ("rep_id");
CREATE INDEX IF NOT EXISTS "main_referral_ref_id_46a93a9b" ON "main_referral" ("ref_id");
CREATE INDEX IF NOT EXISTS "main_referral_ref_user_id_50fa48fb" ON "main_referral" ("ref_user_id");
CREATE INDEX IF NOT EXISTS "main_withdrawmodel_user_id_f227ce0d" ON "main_withdrawmodel" ("user_id");
CREATE INDEX IF NOT EXISTS "main_investmentmodel_plan_id_616ae8b9" ON "main_investmentmodel" ("plan_id");
CREATE INDEX IF NOT EXISTS "main_investmentmodel_user_id_95a83018" ON "main_investmentmodel" ("user_id");
CREATE TABLE IF NOT EXISTS "django_migrations" ("id" integer NOT NULL PRIMARY KEY AUTOINCREMENT, "app" varchar(255) NOT NULL, "name" varchar(255) NOT NULL, "applied" datetime NOT NULL);
INSERT INTO "django_migrations" VALUES(1,'contenttypes','0001_initial','2021-11-10 15:32:38.983544');
INSERT INTO "django_migrations" VALUES(2,'auth','0001_initial','2021-11-10 15:32:39.067545');
INSERT INTO "django_migrations" VALUES(3,'admin','0001_initial','2021-11-10 15:32:39.146545');
INSERT INTO "django_migrations" VALUES(4,'admin','0002_logentry_remove_auto_add','2021-11-10 15:32:39.192539');
INSERT INTO "django_migrations" VALUES(5,'admin','0003_logentry_add_action_flag_choices','2021-11-10 15:32:39.240546');
INSERT INTO "django_migrations" VALUES(6,'contenttypes','0002_remove_content_type_name','2021-11-10 15:32:39.317547');
INSERT INTO "django_migrations" VALUES(7,'auth','0002_alter_permission_name_max_length','2021-11-10 15:32:39.378545');
INSERT INTO "django_migrations" VALUES(8,'auth','0003_alter_user_email_max_length','2021-11-10 15:32:39.439548');
INSERT INTO "django_migrations" VALUES(9,'auth','0004_alter_user_username_opts','2021-11-10 15:32:39.496546');
INSERT INTO "django_migrations" VALUES(10,'auth','0005_alter_user_last_login_null','2021-11-10 15:32:39.542544');
INSERT INTO "django_migrations" VALUES(11,'auth','0006_require_contenttypes_0002','2021-11-10 15:32:39.581545');
INSERT INTO "django_migrations" VALUES(12,'auth','0007_alter_validators_add_error_messages','2021-11-10 15:32:39.652547');
INSERT INTO "django_migrations" VALUES(13,'auth','0008_alter_user_username_max_length','2021-11-10 15:32:39.711544');
INSERT INTO "django_migrations" VALUES(14,'auth','0009_alter_user_last_name_max_length','2021-11-10 15:32:39.785545');
INSERT INTO "django_migrations" VALUES(15,'auth','0010_alter_group_name_max_length','2021-11-10 15:32:39.871542');
INSERT INTO "django_migrations" VALUES(16,'auth','0011_update_proxy_permissions','2021-11-10 15:32:39.929545');
INSERT INTO "django_migrations" VALUES(17,'auth','0012_alter_user_first_name_max_length','2021-11-10 15:32:40.038544');
INSERT INTO "django_migrations" VALUES(18,'main','0001_initial','2021-11-10 15:32:40.134544');
INSERT INTO "django_migrations" VALUES(19,'main','0002_invest','2021-11-10 15:32:40.182546');
INSERT INTO "django_migrations" VALUES(20,'main','0003_auto_20211017_0732','2021-11-10 15:32:40.255544');
INSERT INTO "django_migrations" VALUES(21,'main','0004_alter_invest_amount','2021-11-10 15:32:40.303542');
INSERT INTO "django_migrations" VALUES(22,'main','0005_alter_invest_amount','2021-11-10 15:32:40.343538');
INSERT INTO "django_migrations" VALUES(23,'main','0006_auto_20211017_0747','2021-11-10 15:32:40.424542');
INSERT INTO "django_migrations" VALUES(24,'main','0007_auto_20211017_1701','2021-11-10 15:32:40.490542');
INSERT INTO "django_migrations" VALUES(25,'main','0008_auto_20211021_1847','2021-11-10 15:32:40.717538');
INSERT INTO "django_migrations" VALUES(26,'main','0009_usertype_email_confirm','2021-11-10 15:32:40.785544');
INSERT INTO "django_migrations" VALUES(27,'main','0010_auto_20211022_0020','2021-11-10 15:32:40.922539');
INSERT INTO "django_migrations" VALUES(28,'main','0011_auto_20211023_2250','2021-11-10 15:32:41.033541');
INSERT INTO "django_migrations" VALUES(29,'sessions','0001_initial','2021-11-10 15:32:41.102546');
INSERT INTO "django_migrations" VALUES(30,'main','0012_replys','2021-11-11 14:18:39.254983');
INSERT INTO "django_migrations" VALUES(31,'main','0013_remove_replys_to','2021-11-11 14:23:25.970287');
INSERT INTO "django_migrations" VALUES(32,'main','0014_payment_method','2021-11-18 23:18:10.006569');
INSERT INTO "django_migrations" VALUES(33,'main','0015_alter_payment_method_message','2021-11-22 15:42:03.907916');
INSERT INTO "django_migrations" VALUES(34,'main','0016_alter_usertype_email_confirm','2021-11-23 13:28:33.209855');
INSERT INTO "django_migrations" VALUES(35,'main','0017_auto_20211123_1428','2021-11-23 13:28:33.302855');
INSERT INTO "django_migrations" VALUES(36,'main','0018_auto_20211123_1454','2021-11-23 13:54:58.021319');
INSERT INTO "django_migrations" VALUES(37,'main','0019_auto_20211123_1537','2021-11-23 14:37:23.081902');
INSERT INTO "django_migrations" VALUES(38,'main','0020_auto_20211123_1540','2021-11-23 14:41:03.099905');
INSERT INTO "django_migrations" VALUES(39,'main','0021_invest_plan','2021-11-23 15:11:08.297641');
INSERT INTO "django_migrations" VALUES(40,'main','0022_auto_20211123_1611','2021-11-23 15:11:50.191188');
INSERT INTO "django_migrations" VALUES(41,'main','0023_auto_20211123_1615','2021-11-23 15:15:57.729226');
INSERT INTO "django_migrations" VALUES(42,'main','0024_auto_20211123_1616','2021-11-23 15:16:56.212669');
INSERT INTO "django_migrations" VALUES(43,'main','0025_alter_invest_plan_amount','2021-11-23 15:35:41.862821');
INSERT INTO "django_migrations" VALUES(44,'main','0026_alter_invest_plan_amountto','2021-11-23 15:36:13.528414');
INSERT INTO "django_migrations" VALUES(45,'main','0027_invest_plan_percentr','2021-11-23 16:10:05.467862');
INSERT INTO "django_migrations" VALUES(46,'main','0028_payment_method_abrr','2021-12-02 00:30:49.279370');
INSERT INTO "django_migrations" VALUES(47,'main','0029_investmentmodel','2021-12-02 21:36:02.858156');
INSERT INTO "django_migrations" VALUES(48,'main','0030_alter_investmentmodel_payout_date','2021-12-02 21:53:42.668548');
INSERT INTO "django_migrations" VALUES(49,'main','0031_withdrawmodel','2021-12-02 23:15:55.326285');
INSERT INTO "django_migrations" VALUES(50,'main','0032_auto_20211203_0040','2021-12-02 23:40:48.710369');
INSERT INTO "django_migrations" VALUES(51,'main','0033_auto_20211204_1354','2021-12-04 12:54:42.811426');
CREATE UNIQUE INDEX "auth_group_permissions_group_id_permission_id_0cd325b0_uniq" ON "auth_group_permissions" ("group_id", "permission_id");
CREATE INDEX IF NOT EXISTS "auth_group_permissions_group_id_b120cbf9" ON "auth_group_permissions" ("group_id");
CREATE INDEX IF NOT EXISTS "auth_group_permissions_permission_id_84c5c92e" ON "auth_group_permissions" ("permission_id");
CREATE UNIQUE INDEX "auth_user_groups_user_id_group_id_94350c0c_uniq" ON "auth_user_groups" ("user_id", "group_id");
CREATE INDEX IF NOT EXISTS "auth_user_groups_user_id_6a12ed8b" ON "auth_user_groups" ("user_id");
CREATE INDEX IF NOT EXISTS "auth_user_groups_group_id_97559544" ON "auth_user_groups" ("group_id");
CREATE UNIQUE INDEX "auth_user_user_permissions_user_id_permission_id_14a6b632_uniq" ON "auth_user_user_permissions" ("user_id", "permission_id");
CREATE INDEX IF NOT EXISTS "auth_user_user_permissions_user_id_a95ead1b" ON "auth_user_user_permissions" ("user_id");
CREATE INDEX IF NOT EXISTS "auth_user_user_permissions_permission_id_1fbb5f2c" ON "auth_user_user_permissions" ("permission_id");
CREATE INDEX IF NOT EXISTS "django_admin_log_content_type_id_c4bce8eb" ON "django_admin_log" ("content_type_id");
CREATE INDEX IF NOT EXISTS "django_admin_log_user_id_c564eba6" ON "django_admin_log" ("user_id");
CREATE UNIQUE INDEX "django_content_type_app_label_model_76bd3d3b_uniq" ON "django_content_type" ("app_label", "model");
CREATE UNIQUE INDEX "auth_permission_content_type_id_codename_01ab375a_uniq" ON "auth_permission" ("content_type_id", "codename");
CREATE INDEX IF NOT EXISTS "auth_permission_content_type_id_2f476e4b" ON "auth_permission" ("content_type_id");
CREATE INDEX IF NOT EXISTS "django_session_expire_date_a5c62663" ON "django_session" ("expire_date");
CREATE INDEX IF NOT EXISTS "main_replys_rep_id_ee6bdc35" ON "main_replys" ("rep_id");
CREATE INDEX IF NOT EXISTS "main_referral_ref_id_46a93a9b" ON "main_referral" ("ref_id");
CREATE INDEX IF NOT EXISTS "main_referral_ref_user_id_50fa48fb" ON "main_referral" ("ref_user_id");
CREATE INDEX IF NOT EXISTS "main_withdrawmodel_user_id_f227ce0d" ON "main_withdrawmodel" ("user_id");
CREATE INDEX IF NOT EXISTS "main_investmentmodel_plan_id_616ae8b9" ON "main_investmentmodel" ("plan_id");
CREATE INDEX IF NOT EXISTS "main_investmentmodel_user_id_95a83018" ON "main_investmentmodel" ("user_id");
CREATE TABLE IF NOT EXISTS "django_session" ("session_key" varchar(40) NOT NULL PRIMARY KEY, "session_data" text NOT NULL, "expire_date" datetime NOT NULL);
INSERT INTO "django_session" VALUES('frl7lodkn3frjdl28jqvelobu6ke7c3v','.eJxVzEEOgjAQheG7dG2aGaCk49K9ZyDTdrCgtgmFFfHu0oSFbt__8u1q4G2Nw1ZkGaagrqpTl9_NsX9KqiHMnB5Z-5zWZXK6XvRZi77nIK_b-f0DIpdYWQOEJE761trRjoDGYGAET9YAjqbzBi03gkIOHZH4jrGBNvQBqIEDrVzitxzanEvcWH2-VjY94w:1mlQdd:lbJmf4Jem-LxbgTYbCv9OE2NFpK0fzhryDmM_XPFuLU','2021-11-26 07:06:17.794551');
INSERT INTO "django_session" VALUES('abuuiwxc4faq4mczifnrgro6a671xqcq','.eJxVjEEOwiAQRe_C2hCYCgwu3XuGZsoMUjU0Ke3KeHdD0oVu_3vvv9VI-1bGvck6zqwuCtTpd5soPaV2wA-q90WnpW7rPOmu6IM2fVtYXtfD_Tso1EqvI0aboksM3uQcXXAJjRUfvAMy4iF7YYt2yAiDOQNzdAg5IAgBkvp8AcxgNy8:1mnqh4:y5K108P8ulXutfnW1yfOO1UFoYEmNDbWWi72ThK_6BU','2021-12-02 23:19:50.294433');
INSERT INTO "django_session" VALUES('sf3s95bseeja4ceu2yyiv4zfgwwc7pi4','.eJxVzEEOgjAQheG7dG2aGaCk49K9ZyDTdrCgtgmFFfHu0oSFbt__8u1q4G2Nw1ZkGaagrqpTl9_NsX9KqiHMnB5Z-5zWZXK6XvRZi77nIK_b-f0DIpdYWQOEJE761trRjoDGYGAET9YAjqbzBi03gkIOHZH4jrGBNvQBqIEDrVzitxzanEvcWH2-VjY94w:1mp9w9:yokoE_HFkwVf2HI8y0GT3sVgKeq3n7xOy-0hCtXYMHA','2021-12-06 14:04:49.398004');
INSERT INTO "django_session" VALUES('v4e2ip6xq8prohvchoduw85o0yngwnsb','.eJxVjEEOwiAQRe_C2hCYCgwu3XuGZsoMUjU0Ke3KeHdD0oVu_3vvv9VI-1bGvck6zqwuCtTpd5soPaV2wA-q90WnpW7rPOmu6IM2fVtYXtfD_Tso1EqvI0aboksM3uQcXXAJjRUfvAMy4iF7YYt2yAiDOQNzdAg5IAgBkvp8AcxgNy8:1mpW2w:G7QiCbO-kCshGPzA47zZ1y_OIQ5qzIamS9kfsJ6itWo','2021-12-07 13:41:18.598940');
INSERT INTO "django_session" VALUES('g6bgqmu13oidbnkv60p2o5zppxq6520s','.eJxVzEEOgjAQheG7dG2aGaCk49K9ZyDTdrCgtgmFFfHu0oSFbt__8u1q4G2Nw1ZkGaagrqpTl9_NsX9KqiHMnB5Z-5zWZXK6XvRZi77nIK_b-f0DIpdYWQOEJE761trRjoDGYGAET9YAjqbzBi03gkIOHZH4jrGBNvQBqIEDrVzitxzanEvcWH2-VjY94w:1mpeC4:ghsOYk8zjG0KJ6wNZB6pR9bzSpnIZXT8-_rguf5heGk','2021-12-07 22:23:16.046238');
INSERT INTO "django_session" VALUES('25ywq8j7eo68q3r7hxqfu9brodm0ykgs','.eJxVjEEOwiAQRe_C2hCYCgwu3XuGZsoMUjU0Ke3KeHdD0oVu_3vvv9VI-1bGvck6zqwuCtTpd5soPaV2wA-q90WnpW7rPOmu6IM2fVtYXtfD_Tso1EqvI0aboksM3uQcXXAJjRUfvAMy4iF7YYt2yAiDOQNzdAg5IAgBkvp8AcxgNy8:1mtP0K:ldgTJq0-tMoeKYPCMcRozh7TkqfJiqfVIBLCUewLnTk','2021-12-18 06:58:40.357876');
CREATE UNIQUE INDEX "auth_group_permissions_group_id_permission_id_0cd325b0_uniq" ON "auth_group_permissions" ("group_id", "permission_id");
CREATE INDEX IF NOT EXISTS "auth_group_permissions_group_id_b120cbf9" ON "auth_group_permissions" ("group_id");
CREATE INDEX IF NOT EXISTS "auth_group_permissions_permission_id_84c5c92e" ON "auth_group_permissions" ("permission_id");
CREATE UNIQUE INDEX "auth_user_groups_user_id_group_id_94350c0c_uniq" ON "auth_user_groups" ("user_id", "group_id");
CREATE INDEX IF NOT EXISTS "auth_user_groups_user_id_6a12ed8b" ON "auth_user_groups" ("user_id");
CREATE INDEX IF NOT EXISTS "auth_user_groups_group_id_97559544" ON "auth_user_groups" ("group_id");
CREATE UNIQUE INDEX "auth_user_user_permissions_user_id_permission_id_14a6b632_uniq" ON "auth_user_user_permissions" ("user_id", "permission_id");
CREATE INDEX IF NOT EXISTS "auth_user_user_permissions_user_id_a95ead1b" ON "auth_user_user_permissions" ("user_id");
CREATE INDEX IF NOT EXISTS "auth_user_user_permissions_permission_id_1fbb5f2c" ON "auth_user_user_permissions" ("permission_id");
CREATE INDEX IF NOT EXISTS "django_admin_log_content_type_id_c4bce8eb" ON "django_admin_log" ("content_type_id");
CREATE INDEX IF NOT EXISTS "django_admin_log_user_id_c564eba6" ON "django_admin_log" ("user_id");
CREATE UNIQUE INDEX "django_content_type_app_label_model_76bd3d3b_uniq" ON "django_content_type" ("app_label", "model");
CREATE UNIQUE INDEX "auth_permission_content_type_id_codename_01ab375a_uniq" ON "auth_permission" ("content_type_id", "codename");
CREATE INDEX IF NOT EXISTS "auth_permission_content_type_id_2f476e4b" ON "auth_permission" ("content_type_id");
CREATE INDEX IF NOT EXISTS "django_session_expire_date_a5c62663" ON "django_session" ("expire_date");
CREATE INDEX IF NOT EXISTS "main_replys_rep_id_ee6bdc35" ON "main_replys" ("rep_id");
CREATE INDEX IF NOT EXISTS "main_referral_ref_id_46a93a9b" ON "main_referral" ("ref_id");
CREATE INDEX IF NOT EXISTS "main_referral_ref_user_id_50fa48fb" ON "main_referral" ("ref_user_id");
CREATE INDEX IF NOT EXISTS "main_withdrawmodel_user_id_f227ce0d" ON "main_withdrawmodel" ("user_id");
CREATE INDEX IF NOT EXISTS "main_investmentmodel_plan_id_616ae8b9" ON "main_investmentmodel" ("plan_id");
CREATE INDEX IF NOT EXISTS "main_investmentmodel_user_id_95a83018" ON "main_investmentmodel" ("user_id");
CREATE TABLE IF NOT EXISTS "main_invest" ("id" integer NOT NULL PRIMARY KEY AUTOINCREMENT, "name" varchar(100) NOT NULL, "duration" varchar(100) NOT NULL);
CREATE UNIQUE INDEX "auth_group_permissions_group_id_permission_id_0cd325b0_uniq" ON "auth_group_permissions" ("group_id", "permission_id");
CREATE INDEX IF NOT EXISTS "auth_group_permissions_group_id_b120cbf9" ON "auth_group_permissions" ("group_id");
CREATE INDEX IF NOT EXISTS "auth_group_permissions_permission_id_84c5c92e" ON "auth_group_permissions" ("permission_id");
CREATE UNIQUE INDEX "auth_user_groups_user_id_group_id_94350c0c_uniq" ON "auth_user_groups" ("user_id", "group_id");
CREATE INDEX IF NOT EXISTS "auth_user_groups_user_id_6a12ed8b" ON "auth_user_groups" ("user_id");
CREATE INDEX IF NOT EXISTS "auth_user_groups_group_id_97559544" ON "auth_user_groups" ("group_id");
CREATE UNIQUE INDEX "auth_user_user_permissions_user_id_permission_id_14a6b632_uniq" ON "auth_user_user_permissions" ("user_id", "permission_id");
CREATE INDEX IF NOT EXISTS "auth_user_user_permissions_user_id_a95ead1b" ON "auth_user_user_permissions" ("user_id");
CREATE INDEX IF NOT EXISTS "auth_user_user_permissions_permission_id_1fbb5f2c" ON "auth_user_user_permissions" ("permission_id");
CREATE INDEX IF NOT EXISTS "django_admin_log_content_type_id_c4bce8eb" ON "django_admin_log" ("content_type_id");
CREATE INDEX IF NOT EXISTS "django_admin_log_user_id_c564eba6" ON "django_admin_log" ("user_id");
CREATE UNIQUE INDEX "django_content_type_app_label_model_76bd3d3b_uniq" ON "django_content_type" ("app_label", "model");
CREATE UNIQUE INDEX "auth_permission_content_type_id_codename_01ab375a_uniq" ON "auth_permission" ("content_type_id", "codename");
CREATE INDEX IF NOT EXISTS "auth_permission_content_type_id_2f476e4b" ON "auth_permission" ("content_type_id");
CREATE INDEX IF NOT EXISTS "django_session_expire_date_a5c62663" ON "django_session" ("expire_date");
CREATE INDEX IF NOT EXISTS "main_replys_rep_id_ee6bdc35" ON "main_replys" ("rep_id");
CREATE INDEX IF NOT EXISTS "main_referral_ref_id_46a93a9b" ON "main_referral" ("ref_id");
CREATE INDEX IF NOT EXISTS "main_referral_ref_user_id_50fa48fb" ON "main_referral" ("ref_user_id");
CREATE INDEX IF NOT EXISTS "main_withdrawmodel_user_id_f227ce0d" ON "main_withdrawmodel" ("user_id");
CREATE INDEX IF NOT EXISTS "main_investmentmodel_plan_id_616ae8b9" ON "main_investmentmodel" ("plan_id");
CREATE INDEX IF NOT EXISTS "main_investmentmodel_user_id_95a83018" ON "main_investmentmodel" ("user_id");
CREATE TABLE IF NOT EXISTS "main_invest_plan" ("id" integer NOT NULL PRIMARY KEY AUTOINCREMENT, "name" varchar(100) NOT NULL, "percent" varchar(100) NOT NULL, "return_date" varchar(100) NOT NULL, "amountto_currency" varchar(3) NOT NULL, "amountto" decimal NOT NULL, "amount_currency" varchar(3) NOT NULL, "amount" decimal NOT NULL, "percentr" varchar(100) NOT NULL);
INSERT INTO "main_invest_plan" VALUES(1,'Basic','0.15','1','USD',499,'USD',50,'15');
INSERT INTO "main_invest_plan" VALUES(2,'Digital','0.35','2','USD',999,'USD',500,'35');
INSERT INTO "main_invest_plan" VALUES(3,'Opstimistic','0.6','1','USD',4999,'USD',1000,'60');
INSERT INTO "main_invest_plan" VALUES(4,'Premium','0.9','2','USD',500000,'USD',5000,'90');
CREATE UNIQUE INDEX "auth_group_permissions_group_id_permission_id_0cd325b0_uniq" ON "auth_group_permissions" ("group_id", "permission_id");
CREATE INDEX IF NOT EXISTS "auth_group_permissions_group_id_b120cbf9" ON "auth_group_permissions" ("group_id");
CREATE INDEX IF NOT EXISTS "auth_group_permissions_permission_id_84c5c92e" ON "auth_group_permissions" ("permission_id");
CREATE UNIQUE INDEX "auth_user_groups_user_id_group_id_94350c0c_uniq" ON "auth_user_groups" ("user_id", "group_id");
CREATE INDEX IF NOT EXISTS "auth_user_groups_user_id_6a12ed8b" ON "auth_user_groups" ("user_id");
CREATE INDEX IF NOT EXISTS "auth_user_groups_group_id_97559544" ON "auth_user_groups" ("group_id");
CREATE UNIQUE INDEX "auth_user_user_permissions_user_id_permission_id_14a6b632_uniq" ON "auth_user_user_permissions" ("user_id", "permission_id");
CREATE INDEX IF NOT EXISTS "auth_user_user_permissions_user_id_a95ead1b" ON "auth_user_user_permissions" ("user_id");
CREATE INDEX IF NOT EXISTS "auth_user_user_permissions_permission_id_1fbb5f2c" ON "auth_user_user_permissions" ("permission_id");
CREATE INDEX IF NOT EXISTS "django_admin_log_content_type_id_c4bce8eb" ON "django_admin_log" ("content_type_id");
CREATE INDEX IF NOT EXISTS "django_admin_log_user_id_c564eba6" ON "django_admin_log" ("user_id");
CREATE UNIQUE INDEX "django_content_type_app_label_model_76bd3d3b_uniq" ON "django_content_type" ("app_label", "model");
CREATE UNIQUE INDEX "auth_permission_content_type_id_codename_01ab375a_uniq" ON "auth_permission" ("content_type_id", "codename");
CREATE INDEX IF NOT EXISTS "auth_permission_content_type_id_2f476e4b" ON "auth_permission" ("content_type_id");
CREATE INDEX IF NOT EXISTS "django_session_expire_date_a5c62663" ON "django_session" ("expire_date");
CREATE INDEX IF NOT EXISTS "main_replys_rep_id_ee6bdc35" ON "main_replys" ("rep_id");
CREATE INDEX IF NOT EXISTS "main_referral_ref_id_46a93a9b" ON "main_referral" ("ref_id");
CREATE INDEX IF NOT EXISTS "main_referral_ref_user_id_50fa48fb" ON "main_referral" ("ref_user_id");
CREATE INDEX IF NOT EXISTS "main_withdrawmodel_user_id_f227ce0d" ON "main_withdrawmodel" ("user_id");
CREATE INDEX IF NOT EXISTS "main_investmentmodel_plan_id_616ae8b9" ON "main_investmentmodel" ("plan_id");
CREATE INDEX IF NOT EXISTS "main_investmentmodel_user_id_95a83018" ON "main_investmentmodel" ("user_id");
CREATE TABLE IF NOT EXISTS "main_investmentmodel" ("id" integer NOT NULL PRIMARY KEY AUTOINCREMENT, "amount" varchar(100) NOT NULL, "pay_amount" varchar(100) NOT NULL, "confirm" bool NOT NULL, "payout_date" datetime NOT NULL, "date" datetime NOT NULL, "plan_id" bigint NOT NULL REFERENCES "main_invest_plan" ("id") DEFERRABLE INITIALLY DEFERRED, "user_id" integer NOT NULL REFERENCES "auth_user" ("id") DEFERRABLE INITIALLY DEFERRED, "crypto_amount" varchar(100) NOT NULL, "payMethod" varchar(100) NOT NULL);
INSERT INTO "main_investmentmodel" VALUES(1,'50','57.5',0,'2021-12-03 23:00:11.117765','2021-12-02 22:00:11.162901',1,2,'0.008','Bitcoin');
INSERT INTO "main_investmentmodel" VALUES(2,'50','57.5',1,'2021-12-04 00:44:31','2021-12-02 23:44:31.059827',1,11,'0.00088','Bitcoin');
INSERT INTO "main_investmentmodel" VALUES(3,'50','57.5',0,'2021-12-04 00:56:12.108686','2021-12-02 23:56:12.115693',1,2,'0.00089','Bitcoin');
INSERT INTO "main_investmentmodel" VALUES(4,'50','57.5',0,'2021-12-04 01:02:55.351184','2021-12-03 00:02:55.356185',1,2,'0.00089','Bitcoin');
INSERT INTO "main_investmentmodel" VALUES(5,'50','57.5',1,'2021-12-04 01:05:34','2021-12-03 00:05:34.755182',1,4,'0.00088','Bitcoin');
INSERT INTO "main_investmentmodel" VALUES(6,'50','57.5',0,'2021-12-04 01:12:51.565933','2021-12-03 00:12:51.569933',1,4,'0.00088','Bitcoin');
INSERT INTO "main_investmentmodel" VALUES(7,'50','57.5',1,'2021-12-04 01:14:28','2021-12-03 00:14:28.829222',1,4,'0.00088','Bitcoin');
INSERT INTO "main_investmentmodel" VALUES(8,'50','57.5',1,'2021-12-04 01:15:50','2021-12-03 00:15:50.989371',1,7,'512.34758','Tron');
INSERT INTO "main_investmentmodel" VALUES(9,'50','57.5',1,'2021-12-04 01:17:05','2021-12-03 00:17:05.027256',1,4,'0.00088','Bitcoin');
INSERT INTO "main_investmentmodel" VALUES(10,'85','97.75',1,'2021-12-05 07:43:28.898816','2021-12-04 06:43:28.902814',1,4,'84.83034','USDT');
INSERT INTO "main_investmentmodel" VALUES(11,'700','945.0',1,'2021-12-06 13:26:41.872535','2021-12-04 12:26:41.876536',2,2,'0.17692','Etherium');
INSERT INTO "main_investmentmodel" VALUES(12,'1200','1920.0',1,'2021-12-05 14:18:52.796262','2021-12-04 13:18:52.800265',3,2,'14430.01443','Tron');
CREATE UNIQUE INDEX "auth_group_permissions_group_id_permission_id_0cd325b0_uniq" ON "auth_group_permissions" ("group_id", "permission_id");
CREATE INDEX IF NOT EXISTS "auth_group_permissions_group_id_b120cbf9" ON "auth_group_permissions" ("group_id");
CREATE INDEX IF NOT EXISTS "auth_group_permissions_permission_id_84c5c92e" ON "auth_group_permissions" ("permission_id");
CREATE UNIQUE INDEX "auth_user_groups_user_id_group_id_94350c0c_uniq" ON "auth_user_groups" ("user_id", "group_id");
CREATE INDEX IF NOT EXISTS "auth_user_groups_user_id_6a12ed8b" ON "auth_user_groups" ("user_id");
CREATE INDEX IF NOT EXISTS "auth_user_groups_group_id_97559544" ON "auth_user_groups" ("group_id");
CREATE UNIQUE INDEX "auth_user_user_permissions_user_id_permission_id_14a6b632_uniq" ON "auth_user_user_permissions" ("user_id", "permission_id");
CREATE INDEX IF NOT EXISTS "auth_user_user_permissions_user_id_a95ead1b" ON "auth_user_user_permissions" ("user_id");
CREATE INDEX IF NOT EXISTS "auth_user_user_permissions_permission_id_1fbb5f2c" ON "auth_user_user_permissions" ("permission_id");
CREATE INDEX IF NOT EXISTS "django_admin_log_content_type_id_c4bce8eb" ON "django_admin_log" ("content_type_id");
CREATE INDEX IF NOT EXISTS "django_admin_log_user_id_c564eba6" ON "django_admin_log" ("user_id");
CREATE UNIQUE INDEX "django_content_type_app_label_model_76bd3d3b_uniq" ON "django_content_type" ("app_label", "model");
CREATE UNIQUE INDEX "auth_permission_content_type_id_codename_01ab375a_uniq" ON "auth_permission" ("content_type_id", "codename");
CREATE INDEX IF NOT EXISTS "auth_permission_content_type_id_2f476e4b" ON "auth_permission" ("content_type_id");
CREATE INDEX IF NOT EXISTS "django_session_expire_date_a5c62663" ON "django_session" ("expire_date");
CREATE INDEX IF NOT EXISTS "main_replys_rep_id_ee6bdc35" ON "main_replys" ("rep_id");
CREATE INDEX IF NOT EXISTS "main_referral_ref_id_46a93a9b" ON "main_referral" ("ref_id");
CREATE INDEX IF NOT EXISTS "main_referral_ref_user_id_50fa48fb" ON "main_referral" ("ref_user_id");
CREATE INDEX IF NOT EXISTS "main_withdrawmodel_user_id_f227ce0d" ON "main_withdrawmodel" ("user_id");
CREATE INDEX IF NOT EXISTS "main_investmentmodel_plan_id_616ae8b9" ON "main_investmentmodel" ("plan_id");
CREATE INDEX IF NOT EXISTS "main_investmentmodel_user_id_95a83018" ON "main_investmentmodel" ("user_id");
CREATE TABLE IF NOT EXISTS "main_message" ("id" integer NOT NULL PRIMARY KEY AUTOINCREMENT, "message" varchar(100) NOT NULL);
CREATE UNIQUE INDEX "auth_group_permissions_group_id_permission_id_0cd325b0_uniq" ON "auth_group_permissions" ("group_id", "permission_id");
CREATE INDEX IF NOT EXISTS "auth_group_permissions_group_id_b120cbf9" ON "auth_group_permissions" ("group_id");
CREATE INDEX IF NOT EXISTS "auth_group_permissions_permission_id_84c5c92e" ON "auth_group_permissions" ("permission_id");
CREATE UNIQUE INDEX "auth_user_groups_user_id_group_id_94350c0c_uniq" ON "auth_user_groups" ("user_id", "group_id");
CREATE INDEX IF NOT EXISTS "auth_user_groups_user_id_6a12ed8b" ON "auth_user_groups" ("user_id");
CREATE INDEX IF NOT EXISTS "auth_user_groups_group_id_97559544" ON "auth_user_groups" ("group_id");
CREATE UNIQUE INDEX "auth_user_user_permissions_user_id_permission_id_14a6b632_uniq" ON "auth_user_user_permissions" ("user_id", "permission_id");
CREATE INDEX IF NOT EXISTS "auth_user_user_permissions_user_id_a95ead1b" ON "auth_user_user_permissions" ("user_id");
CREATE INDEX IF NOT EXISTS "auth_user_user_permissions_permission_id_1fbb5f2c" ON "auth_user_user_permissions" ("permission_id");
CREATE INDEX IF NOT EXISTS "django_admin_log_content_type_id_c4bce8eb" ON "django_admin_log" ("content_type_id");
CREATE INDEX IF NOT EXISTS "django_admin_log_user_id_c564eba6" ON "django_admin_log" ("user_id");
CREATE UNIQUE INDEX "django_content_type_app_label_model_76bd3d3b_uniq" ON "django_content_type" ("app_label", "model");
CREATE UNIQUE INDEX "auth_permission_content_type_id_codename_01ab375a_uniq" ON "auth_permission" ("content_type_id", "codename");
CREATE INDEX IF NOT EXISTS "auth_permission_content_type_id_2f476e4b" ON "auth_permission" ("content_type_id");
CREATE INDEX IF NOT EXISTS "django_session_expire_date_a5c62663" ON "django_session" ("expire_date");
CREATE INDEX IF NOT EXISTS "main_replys_rep_id_ee6bdc35" ON "main_replys" ("rep_id");
CREATE INDEX IF NOT EXISTS "main_referral_ref_id_46a93a9b" ON "main_referral" ("ref_id");
CREATE INDEX IF NOT EXISTS "main_referral_ref_user_id_50fa48fb" ON "main_referral" ("ref_user_id");
CREATE INDEX IF NOT EXISTS "main_withdrawmodel_user_id_f227ce0d" ON "main_withdrawmodel" ("user_id");
CREATE INDEX IF NOT EXISTS "main_investmentmodel_plan_id_616ae8b9" ON "main_investmentmodel" ("plan_id");
CREATE INDEX IF NOT EXISTS "main_investmentmodel_user_id_95a83018" ON "main_investmentmodel" ("user_id");
CREATE TABLE IF NOT EXISTS "main_payment_method" ("id" integer NOT NULL PRIMARY KEY AUTOINCREMENT, "name" varchar(100) NOT NULL, "Message" text NOT NULL, "abrr" varchar(100) NOT NULL);
INSERT INTO "main_payment_method" VALUES(1,'Bitcoin','aukhiu3343hsdufhdsi','BTC');
INSERT INTO "main_payment_method" VALUES(2,'Etherium','74shdhsis8383','ETH');
INSERT INTO "main_payment_method" VALUES(3,'USDT','jsdnus772828sns','USDT');
INSERT INTO "main_payment_method" VALUES(4,'Tron','hd7738hdhdh','TRX');
CREATE UNIQUE INDEX "auth_group_permissions_group_id_permission_id_0cd325b0_uniq" ON "auth_group_permissions" ("group_id", "permission_id");
CREATE INDEX IF NOT EXISTS "auth_group_permissions_group_id_b120cbf9" ON "auth_group_permissions" ("group_id");
CREATE INDEX IF NOT EXISTS "auth_group_permissions_permission_id_84c5c92e" ON "auth_group_permissions" ("permission_id");
CREATE UNIQUE INDEX "auth_user_groups_user_id_group_id_94350c0c_uniq" ON "auth_user_groups" ("user_id", "group_id");
CREATE INDEX IF NOT EXISTS "auth_user_groups_user_id_6a12ed8b" ON "auth_user_groups" ("user_id");
CREATE INDEX IF NOT EXISTS "auth_user_groups_group_id_97559544" ON "auth_user_groups" ("group_id");
CREATE UNIQUE INDEX "auth_user_user_permissions_user_id_permission_id_14a6b632_uniq" ON "auth_user_user_permissions" ("user_id", "permission_id");
CREATE INDEX IF NOT EXISTS "auth_user_user_permissions_user_id_a95ead1b" ON "auth_user_user_permissions" ("user_id");
CREATE INDEX IF NOT EXISTS "auth_user_user_permissions_permission_id_1fbb5f2c" ON "auth_user_user_permissions" ("permission_id");
CREATE INDEX IF NOT EXISTS "django_admin_log_content_type_id_c4bce8eb" ON "django_admin_log" ("content_type_id");
CREATE INDEX IF NOT EXISTS "django_admin_log_user_id_c564eba6" ON "django_admin_log" ("user_id");
CREATE UNIQUE INDEX "django_content_type_app_label_model_76bd3d3b_uniq" ON "django_content_type" ("app_label", "model");
CREATE UNIQUE INDEX "auth_permission_content_type_id_codename_01ab375a_uniq" ON "auth_permission" ("content_type_id", "codename");
CREATE INDEX IF NOT EXISTS "auth_permission_content_type_id_2f476e4b" ON "auth_permission" ("content_type_id");
CREATE INDEX IF NOT EXISTS "django_session_expire_date_a5c62663" ON "django_session" ("expire_date");
CREATE INDEX IF NOT EXISTS "main_replys_rep_id_ee6bdc35" ON "main_replys" ("rep_id");
CREATE INDEX IF NOT EXISTS "main_referral_ref_id_46a93a9b" ON "main_referral" ("ref_id");
CREATE INDEX IF NOT EXISTS "main_referral_ref_user_id_50fa48fb" ON "main_referral" ("ref_user_id");
CREATE INDEX IF NOT EXISTS "main_withdrawmodel_user_id_f227ce0d" ON "main_withdrawmodel" ("user_id");
CREATE INDEX IF NOT EXISTS "main_investmentmodel_plan_id_616ae8b9" ON "main_investmentmodel" ("plan_id");
CREATE INDEX IF NOT EXISTS "main_investmentmodel_user_id_95a83018" ON "main_investmentmodel" ("user_id");
CREATE TABLE IF NOT EXISTS "main_referral" ("id" integer NOT NULL PRIMARY KEY AUTOINCREMENT, "ref_id" integer NOT NULL REFERENCES "auth_user" ("id") DEFERRABLE INITIALLY DEFERRED, "ref_user_id" integer NOT NULL REFERENCES "auth_user" ("id") DEFERRABLE INITIALLY DEFERRED);
INSERT INTO "main_referral" VALUES(2,4,11);
CREATE UNIQUE INDEX "auth_group_permissions_group_id_permission_id_0cd325b0_uniq" ON "auth_group_permissions" ("group_id", "permission_id");
CREATE INDEX IF NOT EXISTS "auth_group_permissions_group_id_b120cbf9" ON "auth_group_permissions" ("group_id");
CREATE INDEX IF NOT EXISTS "auth_group_permissions_permission_id_84c5c92e" ON "auth_group_permissions" ("permission_id");
CREATE UNIQUE INDEX "auth_user_groups_user_id_group_id_94350c0c_uniq" ON "auth_user_groups" ("user_id", "group_id");
CREATE INDEX IF NOT EXISTS "auth_user_groups_user_id_6a12ed8b" ON "auth_user_groups" ("user_id");
CREATE INDEX IF NOT EXISTS "auth_user_groups_group_id_97559544" ON "auth_user_groups" ("group_id");
CREATE UNIQUE INDEX "auth_user_user_permissions_user_id_permission_id_14a6b632_uniq" ON "auth_user_user_permissions" ("user_id", "permission_id");
CREATE INDEX IF NOT EXISTS "auth_user_user_permissions_user_id_a95ead1b" ON "auth_user_user_permissions" ("user_id");
CREATE INDEX IF NOT EXISTS "auth_user_user_permissions_permission_id_1fbb5f2c" ON "auth_user_user_permissions" ("permission_id");
CREATE INDEX IF NOT EXISTS "django_admin_log_content_type_id_c4bce8eb" ON "django_admin_log" ("content_type_id");
CREATE INDEX IF NOT EXISTS "django_admin_log_user_id_c564eba6" ON "django_admin_log" ("user_id");
CREATE UNIQUE INDEX "django_content_type_app_label_model_76bd3d3b_uniq" ON "django_content_type" ("app_label", "model");
CREATE UNIQUE INDEX "auth_permission_content_type_id_codename_01ab375a_uniq" ON "auth_permission" ("content_type_id", "codename");
CREATE INDEX IF NOT EXISTS "auth_permission_content_type_id_2f476e4b" ON "auth_permission" ("content_type_id");
CREATE INDEX IF NOT EXISTS "django_session_expire_date_a5c62663" ON "django_session" ("expire_date");
CREATE INDEX IF NOT EXISTS "main_replys_rep_id_ee6bdc35" ON "main_replys" ("rep_id");
CREATE INDEX IF NOT EXISTS "main_referral_ref_id_46a93a9b" ON "main_referral" ("ref_id");
CREATE INDEX IF NOT EXISTS "main_referral_ref_user_id_50fa48fb" ON "main_referral" ("ref_user_id");
CREATE INDEX IF NOT EXISTS "main_withdrawmodel_user_id_f227ce0d" ON "main_withdrawmodel" ("user_id");
CREATE INDEX IF NOT EXISTS "main_investmentmodel_plan_id_616ae8b9" ON "main_investmentmodel" ("plan_id");
CREATE INDEX IF NOT EXISTS "main_investmentmodel_user_id_95a83018" ON "main_investmentmodel" ("user_id");
CREATE TABLE IF NOT EXISTS "main_replys" ("id" integer NOT NULL PRIMARY KEY AUTOINCREMENT, "reply" text NOT NULL, "created_date" datetime NOT NULL, "rep_id" integer NOT NULL REFERENCES "auth_user" ("id") DEFERRABLE INITIALLY DEFERRED);
INSERT INTO "main_replys" VALUES(1,'Hello there','2021-11-11 14:53:51.879396',4);
INSERT INTO "main_replys" VALUES(2,'Hello','2021-11-11 14:54:26.255595',2);
INSERT INTO "main_replys" VALUES(3,'Thank you, you investment of 200 dollars have been approved','2021-11-11 14:57:41.973023',2);
CREATE UNIQUE INDEX "auth_group_permissions_group_id_permission_id_0cd325b0_uniq" ON "auth_group_permissions" ("group_id", "permission_id");
CREATE INDEX IF NOT EXISTS "auth_group_permissions_group_id_b120cbf9" ON "auth_group_permissions" ("group_id");
CREATE INDEX IF NOT EXISTS "auth_group_permissions_permission_id_84c5c92e" ON "auth_group_permissions" ("permission_id");
CREATE UNIQUE INDEX "auth_user_groups_user_id_group_id_94350c0c_uniq" ON "auth_user_groups" ("user_id", "group_id");
CREATE INDEX IF NOT EXISTS "auth_user_groups_user_id_6a12ed8b" ON "auth_user_groups" ("user_id");
CREATE INDEX IF NOT EXISTS "auth_user_groups_group_id_97559544" ON "auth_user_groups" ("group_id");
CREATE UNIQUE INDEX "auth_user_user_permissions_user_id_permission_id_14a6b632_uniq" ON "auth_user_user_permissions" ("user_id", "permission_id");
CREATE INDEX IF NOT EXISTS "auth_user_user_permissions_user_id_a95ead1b" ON "auth_user_user_permissions" ("user_id");
CREATE INDEX IF NOT EXISTS "auth_user_user_permissions_permission_id_1fbb5f2c" ON "auth_user_user_permissions" ("permission_id");
CREATE INDEX IF NOT EXISTS "django_admin_log_content_type_id_c4bce8eb" ON "django_admin_log" ("content_type_id");
CREATE INDEX IF NOT EXISTS "django_admin_log_user_id_c564eba6" ON "django_admin_log" ("user_id");
CREATE UNIQUE INDEX "django_content_type_app_label_model_76bd3d3b_uniq" ON "django_content_type" ("app_label", "model");
CREATE UNIQUE INDEX "auth_permission_content_type_id_codename_01ab375a_uniq" ON "auth_permission" ("content_type_id", "codename");
CREATE INDEX IF NOT EXISTS "auth_permission_content_type_id_2f476e4b" ON "auth_permission" ("content_type_id");
CREATE INDEX IF NOT EXISTS "django_session_expire_date_a5c62663" ON "django_session" ("expire_date");
CREATE INDEX IF NOT EXISTS "main_replys_rep_id_ee6bdc35" ON "main_replys" ("rep_id");
CREATE INDEX IF NOT EXISTS "main_referral_ref_id_46a93a9b" ON "main_referral" ("ref_id");
CREATE INDEX IF NOT EXISTS "main_referral_ref_user_id_50fa48fb" ON "main_referral" ("ref_user_id");
CREATE INDEX IF NOT EXISTS "main_withdrawmodel_user_id_f227ce0d" ON "main_withdrawmodel" ("user_id");
CREATE INDEX IF NOT EXISTS "main_investmentmodel_plan_id_616ae8b9" ON "main_investmentmodel" ("plan_id");
CREATE INDEX IF NOT EXISTS "main_investmentmodel_user_id_95a83018" ON "main_investmentmodel" ("user_id");
CREATE TABLE IF NOT EXISTS "main_usertype" ("id" integer NOT NULL PRIMARY KEY AUTOINCREMENT, "phone" varchar(100) NOT NULL, "user_id" integer NOT NULL UNIQUE REFERENCES "auth_user" ("id") DEFERRABLE INITIALLY DEFERRED, "balance_currency" varchar(3) NOT NULL, "balance" decimal NOT NULL, "message" varchar(100) NOT NULL, "btc_balance_currency" varchar(3) NOT NULL, "btc_balance" decimal NOT NULL, "eth_balance_currency" varchar(3) NOT NULL, "eth_balance" decimal NOT NULL, "invested_balance_currency" varchar(3) NOT NULL, "invested_balance" decimal NOT NULL, "usdt_balance_currency" varchar(3) NOT NULL, "usdt_balance" decimal NOT NULL, "email_confirm" bool NOT NULL, "bonus_currency" varchar(3) NOT NULL, "bonus" decimal NOT NULL, "commision_currency" varchar(3) NOT NULL, "commision" decimal NOT NULL, "tron_balance" decimal NOT NULL, "tron_balance_currency" varchar(3) NOT NULL);
INSERT INTO "main_usertype" VALUES(2,'08170317071',2,'USD',2,'','USD',0.0021,'USD',0.177,'USD',1902,'USD',0.0001,0,'USD',0,'USD',0,14430.0145,'USD');
INSERT INTO "main_usertype" VALUES(4,'08170317031',4,'USD',2,'','USD',0.0001,'USD',0.0001,'USD',2,'USD',0.0001,1,'USD',2,'USD',2,0.0001,'USD');
INSERT INTO "main_usertype" VALUES(5,'08008080808',5,'USD',2,'','USD',0.0001,'USD',0.0001,'USD',2,'USD',0.0001,1,'USD',2,'USD',2,0.0001,'USD');
INSERT INTO "main_usertype" VALUES(6,'08170317071',6,'USD',2,'','USD',0.0001,'USD',0.0001,'USD',2,'USD',0.0001,0,'USD',2,'USD',2,0.0001,'USD');
INSERT INTO "main_usertype" VALUES(7,'',7,'USD',2,'','USD',0.0001,'USD',0.0001,'USD',2,'USD',0.0001,0,'USD',2,'USD',2,0.0001,'USD');
INSERT INTO "main_usertype" VALUES(8,'08170317071',8,'USD',2,'','USD',0.0001,'USD',0.0001,'USD',2,'USD',0.0001,0,'USD',2,'USD',2,0.0001,'USD');
INSERT INTO "main_usertype" VALUES(11,'+17475855673',11,'USD',0,'','USD',0.0001,'USD',0.0001,'USD',0,'USD',0.0001,0,'USD',2,'USD',2,0.0001,'USD');
CREATE UNIQUE INDEX "auth_group_permissions_group_id_permission_id_0cd325b0_uniq" ON "auth_group_permissions" ("group_id", "permission_id");
CREATE INDEX IF NOT EXISTS "auth_group_permissions_group_id_b120cbf9" ON "auth_group_permissions" ("group_id");
CREATE INDEX IF NOT EXISTS "auth_group_permissions_permission_id_84c5c92e" ON "auth_group_permissions" ("permission_id");
CREATE UNIQUE INDEX "auth_user_groups_user_id_group_id_94350c0c_uniq" ON "auth_user_groups" ("user_id", "group_id");
CREATE INDEX IF NOT EXISTS "auth_user_groups_user_id_6a12ed8b" ON "auth_user_groups" ("user_id");
CREATE INDEX IF NOT EXISTS "auth_user_groups_group_id_97559544" ON "auth_user_groups" ("group_id");
CREATE UNIQUE INDEX "auth_user_user_permissions_user_id_permission_id_14a6b632_uniq" ON "auth_user_user_permissions" ("user_id", "permission_id");
CREATE INDEX IF NOT EXISTS "auth_user_user_permissions_user_id_a95ead1b" ON "auth_user_user_permissions" ("user_id");
CREATE INDEX IF NOT EXISTS "auth_user_user_permissions_permission_id_1fbb5f2c" ON "auth_user_user_permissions" ("permission_id");
CREATE INDEX IF NOT EXISTS "django_admin_log_content_type_id_c4bce8eb" ON "django_admin_log" ("content_type_id");
CREATE INDEX IF NOT EXISTS "django_admin_log_user_id_c564eba6" ON "django_admin_log" ("user_id");
CREATE UNIQUE INDEX "django_content_type_app_label_model_76bd3d3b_uniq" ON "django_content_type" ("app_label", "model");
CREATE UNIQUE INDEX "auth_permission_content_type_id_codename_01ab375a_uniq" ON "auth_permission" ("content_type_id", "codename");
CREATE INDEX IF NOT EXISTS "auth_permission_content_type_id_2f476e4b" ON "auth_permission" ("content_type_id");
CREATE INDEX IF NOT EXISTS "django_session_expire_date_a5c62663" ON "django_session" ("expire_date");
CREATE INDEX IF NOT EXISTS "main_replys_rep_id_ee6bdc35" ON "main_replys" ("rep_id");
CREATE INDEX IF NOT EXISTS "main_referral_ref_id_46a93a9b" ON "main_referral" ("ref_id");
CREATE INDEX IF NOT EXISTS "main_referral_ref_user_id_50fa48fb" ON "main_referral" ("ref_user_id");
CREATE INDEX IF NOT EXISTS "main_withdrawmodel_user_id_f227ce0d" ON "main_withdrawmodel" ("user_id");
CREATE INDEX IF NOT EXISTS "main_investmentmodel_plan_id_616ae8b9" ON "main_investmentmodel" ("plan_id");
CREATE INDEX IF NOT EXISTS "main_investmentmodel_user_id_95a83018" ON "main_investmentmodel" ("user_id");
CREATE TABLE IF NOT EXISTS "main_withdrawmodel" ("id" integer NOT NULL PRIMARY KEY AUTOINCREMENT, "pay" varchar(100) NOT NULL, "description" varchar(100) NOT NULL, "amount" varchar(100) NOT NULL, "trxid" varchar(100) NOT NULL, "confirm" bool NOT NULL, "date" datetime NOT NULL, "user_id" integer NOT NULL REFERENCES "auth_user" ("id") DEFERRABLE INITIALLY DEFERRED);
INSERT INTO "main_withdrawmodel" VALUES(3,'Bitcoin','kfvnlidfvvmkldf','100','TRX-57ade0c13dfb',0,'2021-12-02 23:33:53.178465',2);
INSERT INTO "main_withdrawmodel" VALUES(4,'Bitcoin','vjhvhvhjvjhvjvh','75','TRX-dc9d3283966b',0,'2021-12-04 06:14:44.893006',2);
INSERT INTO "main_withdrawmodel" VALUES(5,'Bitcoin','uhbkuhkuhnhkuhbk','70','TRX-dd01d066d149',0,'2021-12-04 06:16:38.148763',4);
INSERT INTO "main_withdrawmodel" VALUES(6,'Bitcoin','hyyjvj','70','TRX-6ba6c0f36772',0,'2021-12-04 06:18:31.775246',4);
INSERT INTO "main_withdrawmodel" VALUES(7,'Bitcoin','sgfgfdgdfgd','80','TRX-266a32d0f0cb',0,'2021-12-04 06:20:50.138741',4);
INSERT INTO "main_withdrawmodel" VALUES(8,'Bitcoin','jsgdbkudsbkvdbs','90','TRX-28accbab0cff',0,'2021-12-04 06:22:37.846403',4);
INSERT INTO "main_withdrawmodel" VALUES(9,'Bitcoin','sgdgdffdf','85','TRX-4d8381f8d619',0,'2021-12-04 06:25:00.290623',4);
INSERT INTO "main_withdrawmodel" VALUES(10,'Etherium','nhjfnkdfvndkfvnd','50','TRX-3dc983d1319d',0,'2021-12-04 06:30:47.033646',4);
INSERT INTO "main_withdrawmodel" VALUES(11,'Bitcoin','4nwsenfs84','65','TRX-81602487840c',0,'2021-12-04 06:31:53.996562',4);
INSERT INTO "main_withdrawmodel" VALUES(12,'Bitcoin','45ksfdnkd5343','75','TRX-dc27081414fd',0,'2021-12-04 06:32:44.995189',4);
INSERT INTO "main_withdrawmodel" VALUES(13,'USDT','2353hsdfgsdufsd','1000','TRX-915742f616ff',0,'2021-12-04 13:27:37.420831',2);
CREATE UNIQUE INDEX "auth_group_permissions_group_id_permission_id_0cd325b0_uniq" ON "auth_group_permissions" ("group_id", "permission_id");
CREATE INDEX IF NOT EXISTS "auth_group_permissions_group_id_b120cbf9" ON "auth_group_permissions" ("group_id");
CREATE INDEX IF NOT EXISTS "auth_group_permissions_permission_id_84c5c92e" ON "auth_group_permissions" ("permission_id");
CREATE UNIQUE INDEX "auth_user_groups_user_id_group_id_94350c0c_uniq" ON "auth_user_groups" ("user_id", "group_id");
CREATE INDEX IF NOT EXISTS "auth_user_groups_user_id_6a12ed8b" ON "auth_user_groups" ("user_id");
CREATE INDEX IF NOT EXISTS "auth_user_groups_group_id_97559544" ON "auth_user_groups" ("group_id");
CREATE UNIQUE INDEX "auth_user_user_permissions_user_id_permission_id_14a6b632_uniq" ON "auth_user_user_permissions" ("user_id", "permission_id");
CREATE INDEX IF NOT EXISTS "auth_user_user_permissions_user_id_a95ead1b" ON "auth_user_user_permissions" ("user_id");
CREATE INDEX IF NOT EXISTS "auth_user_user_permissions_permission_id_1fbb5f2c" ON "auth_user_user_permissions" ("permission_id");
CREATE INDEX IF NOT EXISTS "django_admin_log_content_type_id_c4bce8eb" ON "django_admin_log" ("content_type_id");
CREATE INDEX IF NOT EXISTS "django_admin_log_user_id_c564eba6" ON "django_admin_log" ("user_id");
CREATE UNIQUE INDEX "django_content_type_app_label_model_76bd3d3b_uniq" ON "django_content_type" ("app_label", "model");
CREATE UNIQUE INDEX "auth_permission_content_type_id_codename_01ab375a_uniq" ON "auth_permission" ("content_type_id", "codename");
CREATE INDEX IF NOT EXISTS "auth_permission_content_type_id_2f476e4b" ON "auth_permission" ("content_type_id");
CREATE INDEX IF NOT EXISTS "django_session_expire_date_a5c62663" ON "django_session" ("expire_date");
CREATE INDEX IF NOT EXISTS "main_replys_rep_id_ee6bdc35" ON "main_replys" ("rep_id");
CREATE INDEX IF NOT EXISTS "main_referral_ref_id_46a93a9b" ON "main_referral" ("ref_id");
CREATE INDEX IF NOT EXISTS "main_referral_ref_user_id_50fa48fb" ON "main_referral" ("ref_user_id");
CREATE INDEX IF NOT EXISTS "main_withdrawmodel_user_id_f227ce0d" ON "main_withdrawmodel" ("user_id");
CREATE INDEX IF NOT EXISTS "main_investmentmodel_plan_id_616ae8b9" ON "main_investmentmodel" ("plan_id");
CREATE INDEX IF NOT EXISTS "main_investmentmodel_user_id_95a83018" ON "main_investmentmodel" ("user_id");
